review_id,reviewer_id,reviewed_at,target_order_id,destination_id,label,evidence_paths,ambiguous,notes
r_0468aabda298,,,,,,,,
r_0517a0b47a13,,,,,,,,
r_05f0d61ffb81,,,,,,,,
r_074e19d2291b,,,,,,,,
r_095d981eb8dc,,,,,,,,
r_0bc273a42396,,,,,,,,
r_0dec48b16f97,,,,,,,,
r_13f378f30b01,,,,,,,,
r_14b7c55d2578,,,,,,,,
r_184edce4f97a,,,,,,,,
r_2079364622a0,,,,,,,,
r_239e5a6782c2,,,,,,,,
r_297024650c97,,,,,,,,
r_2c796634b277,,,,,,,,
r_31ab985502a2,,,,,,,,
r_3a91f62f968b,,,,,,,,
r_3b1b22c28025,,,,,,,,
r_3b6dedf22495,,,,,,,,
r_3db64716bfd7,,,,,,,,
r_3f3afbb3e0d1,,,,,,,,
r_4122c48d6cc3,,,,,,,,
r_476fe595877b,,,,,,,,
r_4ab156c3ff26,,,,,,,,
r_519ca8ee0fcb,,,,,,,,
r_58cf841c6639,,,,,,,,
r_5cd4ce5a98d1,,,,,,,,
r_5cd987e34c5f,,,,,,,,
r_5e5d4cee5a20,,,,,,,,
r_5f303619786c,,,,,,,,
r_60eeaa292815,,,,,,,,
r_620d591bf935,,,,,,,,
r_660d4fb99568,,,,,,,,
r_686adc00b588,,,,,,,,
r_6a09e9761411,,,,,,,,
r_6a2c4d188642,,,,,,,,
r_6d1cfc976c5c,,,,,,,,
r_6dd94656455d,,,,,,,,
r_6e167ccc3b15,,,,,,,,
r_6f44b6379a25,,,,,,,,
r_7219dde7a368,,,,,,,,
r_72d4385541bd,,,,,,,,
r_74efd6c75e2b,,,,,,,,
r_7c2c922bb970,,,,,,,,
r_7d4e9e4d375b,,,,,,,,
r_8554135d87b7,,,,,,,,
r_8c12013a5a66,,,,,,,,
r_8f1dcaec6995,,,,,,,,
r_8f6fc6cec70b,,,,,,,,
r_90838c4e8345,,,,,,,,
r_90b417365b91,,,,,,,,
r_94a7aa047ea1,,,,,,,,
r_98689d22d641,,,,,,,,
r_99351772ee81,,,,,,,,
r_99aa8cad2d52,,,,,,,,
r_9ce21548a444,,,,,,,,
r_9eba777efba5,,,,,,,,
r_a1d8f5a9e3cd,,,,,,,,
r_a2f3ef701c4d,,,,,,,,
r_a3ca2ef14313,,,,,,,,
r_a41aa3dbb620,,,,,,,,
r_a45bc2cb66d9,,,,,,,,
r_adc767cc4e54,,,,,,,,
r_af1b6f915d3f,,,,,,,,
r_b1f52e4fed8e,,,,,,,,
r_b32bf28aabd0,,,,,,,,
r_b6e42925575d,,,,,,,,
r_b6e60ced9a4b,,,,,,,,
r_b85dfd179632,,,,,,,,
r_bbadbf4b1376,,,,,,,,
r_bbe55f88f6ef,,,,,,,,
r_bddadda1b49f,,,,,,,,
r_c08893e9fdae,,,,,,,,
r_c1ff431e4d66,,,,,,,,
r_c5aa47181888,,,,,,,,
r_c89ac8241975,,,,,,,,
r_d41c4fa80842,,,,,,,,
r_d8f41b319691,,,,,,,,
r_d91b5adafe5d,,,,,,,,
r_d9ef0c2f248b,,,,,,,,
r_db50856080be,,,,,,,,
r_de029a360de3,,,,,,,,
r_e003adacaeb6,,,,,,,,
r_e01da06a805c,,,,,,,,
r_e5ed99ae2400,,,,,,,,
r_e6c358edfe8c,,,,,,,,
r_e822f0571c9d,,,,,,,,
r_e8d728bd63cc,,,,,,,,
r_eb0d509af2de,,,,,,,,
r_ec0b6c1a5982,,,,,,,,
r_f26d2591a46f,,,,,,,,
r_f36733930ea2,,,,,,,,
r_f38005bd2897,,,,,,,,
r_f3d1ed528920,,,,,,,,
r_f935fa517d8f,,,,,,,,
r_f98d899f1484,,,,,,,,
r_fc073d2a4737,,,,,,,,
