review_id,same_facts_yes_no_unclear,reason,correction,reviewer,reviewed_at
P-791d8fd643b9,,,,,
P-fba3b7478695,,,,,
P-f0b54c5996af,,,,,
P-c1dae3e35625,,,,,
P-d44894df661d,,,,,
P-5dc8b930ed4b,,,,,
P-def4d2bad54d,,,,,
P-dc1ae55207cc,,,,,
P-76401ad0dd20,,,,,
P-d5e6db787085,,,,,
P-3a029700b216,,,,,
P-7750d7f8b2f1,,,,,
P-f7ac3fda243a,,,,,
P-265530306305,,,,,
P-0b7050469762,,,,,
P-f6be920bf6a5,,,,,
P-fc46df5f8995,,,,,
P-da1954000535,,,,,
P-283217056919,,,,,
P-bc6cf20c4f46,,,,,
P-5d6750ad9ff3,,,,,
P-783b59011183,,,,,
P-ddf688172029,,,,,
P-ae194ead1a8e,,,,,
P-6dde3aaf0a08,,,,,
P-e6894e87d4e2,,,,,
P-e9363f71fb30,,,,,
P-d5c13a1b9059,,,,,
P-2ff94c3691bb,,,,,
P-1195078bb72f,,,,,
P-cc5ea18f5115,,,,,
P-e925047693d6,,,,,
P-9d97f5b217b2,,,,,
P-5e4419e23612,,,,,
P-4b6ee2ab3a36,,,,,
P-d13c400d2ccf,,,,,
P-ae9b2197d737,,,,,
P-33c91d765d8b,,,,,
P-08e786a28a41,,,,,
P-2309a317100c,,,,,
P-caf05752b5ae,,,,,
P-3069772dd00b,,,,,
P-cb52050d42e4,,,,,
P-739511bf8181,,,,,
P-fc0fecbeed58,,,,,
P-c23961b3e01e,,,,,
P-f7dfefd93b05,,,,,
P-ab543a030efb,,,,,
P-5c6b780fe34f,,,,,
P-fc901515d230,,,,,
P-4cf77d808ddf,,,,,
P-5c6091213425,,,,,
P-3fe898c7cc6e,,,,,
P-0f50efb4b808,,,,,
P-ef097d3b69ef,,,,,
P-3dabfc608470,,,,,
P-b3e2fa8ee44e,,,,,
P-1398d603b6ea,,,,,
P-ddb2c768ddcc,,,,,
P-b6c8fef6d5c2,,,,,
P-c50545ca20f0,,,,,
P-dde68f0539cd,,,,,
P-c4b7250ed4d9,,,,,
P-af05bed7fd13,,,,,
P-3a46a76865e4,,,,,
P-f946e1390b4b,,,,,
P-c8cec0cd3bb2,,,,,
P-a5b4436152c2,,,,,
P-5a9d2ef44f60,,,,,
P-dfe952b39afb,,,,,
P-b135005e6efa,,,,,
P-56d6907fbd62,,,,,
P-6e18f67ab11c,,,,,
P-37f861eabbeb,,,,,
P-ad0ff768351c,,,,,
P-8fdb14943e4e,,,,,
P-ec844d7b9d6f,,,,,
P-75c5f7adcdd7,,,,,
P-19b51798ef99,,,,,
P-290f5dbc9ee7,,,,,
P-c41cf6a00a7a,,,,,
P-7f267dd4727c,,,,,
P-c297e8b294d5,,,,,
P-14208647815f,,,,,
P-ebfa1686e8be,,,,,
P-e847f9431a65,,,,,
P-1331b1b3d6ce,,,,,
P-8014e44c7418,,,,,
P-d4132391b642,,,,,
P-f0022c1e1d07,,,,,
P-a91a4eacc6cf,,,,,
P-5edb63f8e0b5,,,,,
P-862550051a8e,,,,,
P-3cab2c3b17cc,,,,,
P-73a04925158b,,,,,
P-65af945b708b,,,,,
P-ce0690dbd6d9,,,,,
P-f4593046406d,,,,,
P-94b7408f2edd,,,,,
P-04103499c127,,,,,
P-7d5bf116267f,,,,,
P-31848d6547f7,,,,,
P-abdce6a54e35,,,,,
P-6b1d339bfb82,,,,,
P-c8a1c9a14780,,,,,
P-dcb40bd89c7d,,,,,
P-e9c1ffca7492,,,,,
P-c2b5792a157e,,,,,
P-e7fcda1dcf23,,,,,
P-4c003439ebe7,,,,,
P-b3d0eaf3cd4b,,,,,
P-023f2f964197,,,,,
P-d0fb1d671d5b,,,,,
P-d3e3d60b3385,,,,,
P-ebf3409e02b1,,,,,
P-42f9f13cb729,,,,,
P-4f4ce50b7978,,,,,
P-44e580577e6d,,,,,
P-79f769d6cebf,,,,,
P-bcd5b426d995,,,,,
P-1bc0de8ff690,,,,,
P-ec5a9a360e9b,,,,,
P-83e38f9d0565,,,,,
P-d6ee6009ea8e,,,,,
P-e2c778574e37,,,,,
P-8f2cfa4598c6,,,,,
P-1db1a732c826,,,,,
P-2858ea9894a3,,,,,
P-7d2b44163b19,,,,,
P-2a56b8711b27,,,,,
P-a786dfa6c2cd,,,,,
P-af683a1d4102,,,,,
P-91d35a09b367,,,,,
P-b3b0d7baeea8,,,,,
P-86aed3be1939,,,,,
P-abd30b44c28b,,,,,
P-59c5beb5218f,,,,,
P-b9088247a36f,,,,,
P-b84ced3e8cb3,,,,,
P-3aecc29b0d1e,,,,,
P-eb3ee08188a7,,,,,
P-1ad98279bc69,,,,,
P-adc39978895d,,,,,
P-d41bd85c3aa9,,,,,
