"review_id","reviewer_id","reviewed_at","target_order_id","destination_id","label","evidence_paths","ambiguous","notes"
"r_0468aabda298","yuchi","2026-09-30T05:44:07.040Z","#W5416052","credit_card_8105988","VALID_DESTINATION","customer_request; orders[1].order_id (#W5416052); orders[1].payment_history[0].payment_method_id (#W5416052); user_profile.payment_methods.credit_card_8105988.source","no","请求直接给出订单 #W5416052 和目的地 credit_card_8105988，两者都在当前条目中可见，无指代歧义。#W5416052 的支付记录（规则说明显示即完整）只有一笔 payment，原支付方式为 credit_card_8105988。目的地就是目标订单的原支付方式，符合规则。"
"r_0517a0b47a13","yuchi","2026-09-30T05:44:07.179Z","#W5791505","credit_card_6346500","INVALID_DESTINATION","customer_request; orders[0].order_id (#W5791505); orders[0].payment_history[0].payment_method_id (#W5791505); user_profile.payment_methods.credit_card_6346500.source","no","请求直接给出订单 #W5791505 和目的地 credit_card_6346500，两者都在当前条目中可见，无指代歧义。#W5791505 的支付记录（规则说明显示即完整）只有一笔 payment，原支付方式为 credit_card_3163940。credit_card_6346500 是该用户名下的另一支付方式（信用卡），既不是目标订单的原支付方式，也不是 gift card；同一用户的其他支付方式不足以满足规则，因此不符合。"
"r_05f0d61ffb81","yuchi","2026-09-30T05:44:07.279Z","#W5791505","credit_card_6346500","INVALID_DESTINATION","customer_request; orders[0].items[3].name (#W5791505); orders[0].order_id (#W5791505); orders[0].payment_history[0].payment_method_id (#W5791505); user_profile.payment_methods; user_profile.payment_methods.credit_card_6346500.brand; user_profile.payment_methods.credit_card_6346500.last_four; user_profile.payment_methods.credit_card_6346500.source","no","请求按商品指代订单；按规则只依据可见记录：唯一可见订单 #W5791505 含 Bluetooth Speaker，据此确定目标订单。mastercard 尾号 2231 在完整的 payment_methods 中唯一对应 credit_card_6346500。#W5791505 的支付记录（规则说明显示即完整）只有一笔 payment，原支付方式为 credit_card_3163940。credit_card_6346500 是该用户名下的另一支付方式（信用卡），既不是目标订单的原支付方式，也不是 gift card；同一用户的其他支付方式不足以满足规则，因此不符合。"
"r_074e19d2291b","yuchi","2026-09-30T05:44:07.380Z","#W3295833","credit_card_3261838","INVALID_DESTINATION","customer_request; orders[0].order_id (#W3295833); orders[0].payment_history[0].payment_method_id (#W3295833); user_profile.payment_methods.credit_card_3261838.source","no","请求直接给出订单 #W3295833 和目的地 credit_card_3261838，两者都在当前条目中可见，无指代歧义。#W3295833 的支付记录（规则说明显示即完整）只有一笔 payment，原支付方式为 paypal_3650980。credit_card_3261838 是该用户名下的另一支付方式（信用卡），既不是目标订单的原支付方式，也不是 gift card；同一用户的其他支付方式不足以满足规则，因此不符合。"
"r_095d981eb8dc","yuchi","2026-09-30T05:44:07.496Z","#W9667707","credit_card_4056740","VALID_DESTINATION","customer_request; orders[0].items[1].name (#W9667707); orders[0].order_id (#W9667707); orders[0].payment_history[0].payment_method_id (#W9667707); user_profile.payment_methods; user_profile.payment_methods.credit_card_4056740.brand; user_profile.payment_methods.credit_card_4056740.last_four; user_profile.payment_methods.credit_card_4056740.source","no","请求按商品指代订单；按规则只依据可见记录：唯一可见订单 #W9667707 含 E-Reader，据此确定目标订单。mastercard 尾号 4971 在完整的 payment_methods 中唯一对应 credit_card_4056740。#W9667707 的支付记录（规则说明显示即完整）只有一笔 payment，原支付方式为 credit_card_4056740。目的地就是目标订单的原支付方式，符合规则。"
"r_0bc273a42396","yuchi","2026-09-30T05:44:07.596Z","#W9667707","credit_card_4056740","VALID_DESTINATION","customer_request; orders[0].items[1].name (#W9667707); orders[1].items[*].name (#W9527030); orders[0].order_id (#W9667707); orders[0].payment_history[0].payment_method_id (#W9667707); user_profile.payment_methods; user_profile.payment_methods.credit_card_4056740.brand; user_profile.payment_methods.credit_card_4056740.last_four; user_profile.payment_methods.credit_card_4056740.source","no","请求按商品指代订单；按规则只依据可见记录：可见订单中只有 #W9667707 含 E-Reader（#W9527030 不含），据此确定目标订单。mastercard 尾号 4971 在完整的 payment_methods 中唯一对应 credit_card_4056740。#W9667707 的支付记录（规则说明显示即完整）只有一笔 payment，原支付方式为 credit_card_4056740。目的地就是目标订单的原支付方式，符合规则。"
"r_0dec48b16f97","yuchi","2026-09-30T05:44:07.696Z","#W7941031","paypal_8049766","INVALID_DESTINATION","customer_request; orders[0].order_id (#W7941031); orders[0].payment_history[0].payment_method_id (#W7941031); user_profile.payment_methods.paypal_8049766.source","no","请求直接给出订单 #W7941031 和目的地 paypal_8049766，两者都在当前条目中可见，无指代歧义。#W7941031 的支付记录（规则说明显示即完整）只有一笔 payment，原支付方式为 credit_card_9753331。paypal_8049766 是该用户名下的另一支付方式（PayPal），既不是目标订单的原支付方式，也不是 gift card；同一用户的其他支付方式不足以满足规则，因此不符合。"
"r_13f378f30b01","yuchi","2026-09-30T05:44:07.829Z","#W1430028","paypal_5206520","VALID_DESTINATION","customer_request; orders[0].items[0].name (#W1430028); orders[1].items[*].name (#W8883368); orders[0].order_id (#W1430028); orders[0].payment_history[0].payment_method_id (#W1430028); user_profile.payment_methods.paypal_5206520.source","no","请求按商品指代订单；按规则只依据可见记录：可见订单中只有 #W1430028 含 Running Shoes（#W8883368 不含），据此确定目标订单。目的地直接给出 paypal_5206520，在 payment_methods 中存在。#W1430028 的支付记录（规则说明显示即完整）只有一笔 payment，原支付方式为 paypal_5206520。目的地就是目标订单的原支付方式，符合规则。"
"r_14b7c55d2578","yuchi","2026-09-30T05:44:07.948Z","#W6851636","paypal_5541158","VALID_DESTINATION","customer_request; orders[0].order_id (#W6851636); orders[0].payment_history[0].payment_method_id (#W6851636); user_profile.payment_methods.paypal_5541158.source","no","请求直接给出订单 #W6851636 和目的地 paypal_5541158，两者都在当前条目中可见，无指代歧义。#W6851636 的支付记录（规则说明显示即完整）只有一笔 payment，原支付方式为 paypal_5541158。目的地就是目标订单的原支付方式，符合规则。"
"r_184edce4f97a","yuchi","2026-09-30T05:44:08.082Z","#W9288362","credit_card_6346500","INVALID_DESTINATION","customer_request; orders[0].items[0].name (#W9288362); orders[0].order_id (#W9288362); orders[0].payment_history[0].payment_method_id (#W9288362); user_profile.payment_methods; user_profile.payment_methods.credit_card_6346500.brand; user_profile.payment_methods.credit_card_6346500.last_four; user_profile.payment_methods.credit_card_6346500.source","no","请求按商品指代订单；按规则只依据可见记录：唯一可见订单 #W9288362 含 Dumbbell Set，据此确定目标订单。mastercard 尾号 2231 在完整的 payment_methods 中唯一对应 credit_card_6346500。#W9288362 的支付记录（规则说明显示即完整）只有一笔 payment，原支付方式为 credit_card_3163940。credit_card_6346500 是该用户名下的另一支付方式（信用卡），既不是目标订单的原支付方式，也不是 gift card；同一用户的其他支付方式不足以满足规则，因此不符合。"
"r_2079364622a0","yuchi","2026-09-30T05:44:08.214Z","#W9288362","credit_card_6346500","INVALID_DESTINATION","customer_request; orders[1].items[0].name (#W9288362); orders[0].items[*].name (#W5791505); orders[1].order_id (#W9288362); orders[1].payment_history[0].payment_method_id (#W9288362); user_profile.payment_methods; user_profile.payment_methods.credit_card_6346500.brand; user_profile.payment_methods.credit_card_6346500.last_four; user_profile.payment_methods.credit_card_6346500.source","no","请求按商品指代订单；按规则只依据可见记录：可见订单中只有 #W9288362 含 Dumbbell Set（#W5791505 不含），据此确定目标订单。mastercard 尾号 2231 在完整的 payment_methods 中唯一对应 credit_card_6346500。#W9288362 的支付记录（规则说明显示即完整）只有一笔 payment，原支付方式为 credit_card_3163940。credit_card_6346500 是该用户名下的另一支付方式（信用卡），既不是目标订单的原支付方式，也不是 gift card；同一用户的其他支付方式不足以满足规则，因此不符合。"
"r_239e5a6782c2","yuchi","2026-09-30T05:44:08.330Z","#W3780282","credit_card_8058445","VALID_DESTINATION","customer_request; orders[0].order_id (#W3780282); orders[0].payment_history[0].payment_method_id (#W3780282); user_profile.payment_methods.credit_card_8058445.source","no","请求直接给出订单 #W3780282 和目的地 credit_card_8058445，两者都在当前条目中可见，无指代歧义。#W3780282 的支付记录（规则说明显示即完整）只有一笔 payment，原支付方式为 credit_card_8058445。目的地就是目标订单的原支付方式，符合规则。"
"r_297024650c97","yuchi","2026-09-30T05:44:08.462Z","#W3733909","paypal_2767694","INVALID_DESTINATION","customer_request; orders[1].order_id (#W3733909); orders[1].payment_history[0].payment_method_id (#W3733909); user_profile.payment_methods.paypal_2767694.source","no","请求直接给出订单 #W3733909 和目的地 paypal_2767694，两者都在当前条目中可见，无指代歧义。#W3733909 的支付记录（规则说明显示即完整）只有一笔 payment，原支付方式为 credit_card_1016162。paypal_2767694 是该用户名下的另一支付方式（PayPal），既不是目标订单的原支付方式，也不是 gift card；同一用户的其他支付方式不足以满足规则，因此不符合。"
"r_2c796634b277","yuchi","2026-09-30T05:44:08.580Z","#W1654931","credit_card_3261838","VALID_DESTINATION","customer_request; orders[0].order_id (#W1654931); orders[0].payment_history[0].payment_method_id (#W1654931); user_profile.payment_methods.credit_card_3261838.source","no","请求直接给出订单 #W1654931 和目的地 credit_card_3261838，两者都在当前条目中可见，无指代歧义。#W1654931 的支付记录（规则说明显示即完整）只有一笔 payment，原支付方式为 credit_card_3261838。目的地就是目标订单的原支付方式，符合规则。"
"r_31ab985502a2","yuchi","2026-09-30T05:44:08.714Z","#W3295833","credit_card_3261838","INVALID_DESTINATION","customer_request; orders[0].items[1].name (#W3295833); orders[0].order_id (#W3295833); orders[0].payment_history[0].payment_method_id (#W3295833); user_profile.payment_methods; user_profile.payment_methods.credit_card_3261838.brand; user_profile.payment_methods.credit_card_3261838.last_four; user_profile.payment_methods.credit_card_3261838.source","no","请求按商品指代订单；按规则只依据可见记录：唯一可见订单 #W3295833 含 Luggage Set，据此确定目标订单。visa 尾号 3194 在完整的 payment_methods 中唯一对应 credit_card_3261838。#W3295833 的支付记录（规则说明显示即完整）只有一笔 payment，原支付方式为 paypal_3650980。credit_card_3261838 是该用户名下的另一支付方式（信用卡），既不是目标订单的原支付方式，也不是 gift card；同一用户的其他支付方式不足以满足规则，因此不符合。"
"r_3a91f62f968b","yuchi","2026-09-30T05:44:08.831Z","#W9527030","credit_card_4056740","VALID_DESTINATION","customer_request; orders[1].items[1].name (#W9527030); orders[0].items[*].name (#W9667707); orders[1].order_id (#W9527030); orders[1].payment_history[0].payment_method_id (#W9527030); user_profile.payment_methods; user_profile.payment_methods.credit_card_4056740.brand; user_profile.payment_methods.credit_card_4056740.last_four; user_profile.payment_methods.credit_card_4056740.source","no","请求按商品指代订单；按规则只依据可见记录：可见订单中只有 #W9527030 含 Hiking Boots（#W9667707 不含），据此确定目标订单。mastercard 尾号 4971 在完整的 payment_methods 中唯一对应 credit_card_4056740。#W9527030 的支付记录（规则说明显示即完整）只有一笔 payment，原支付方式为 credit_card_4056740。目的地就是目标订单的原支付方式，符合规则。"
"r_3b1b22c28025","yuchi","2026-09-30T05:44:08.946Z","#W8664580","credit_card_8058445","INVALID_DESTINATION","customer_request; orders[0].items[0].name (#W8664580); orders[0].order_id (#W8664580); orders[0].payment_history[0].payment_method_id (#W8664580); user_profile.payment_methods; user_profile.payment_methods.credit_card_8058445.brand; user_profile.payment_methods.credit_card_8058445.last_four; user_profile.payment_methods.credit_card_8058445.source","no","请求按商品指代订单；按规则只依据可见记录：唯一可见订单 #W8664580 含 Water Bottle，据此确定目标订单。visa 尾号 3660 在完整的 payment_methods 中唯一对应 credit_card_8058445。#W8664580 的支付记录（规则说明显示即完整）只有一笔 payment，原支付方式为 paypal_9995021。credit_card_8058445 是该用户名下的另一支付方式（信用卡），既不是目标订单的原支付方式，也不是 gift card；同一用户的其他支付方式不足以满足规则，因此不符合。"
"r_3b6dedf22495","yuchi","2026-09-30T05:44:09.061Z","#W8855135","credit_card_8105988","INVALID_DESTINATION","customer_request; orders[0].items[0].name (#W8855135); orders[1].items[*].name (#W5416052); orders[0].order_id (#W8855135); orders[0].payment_history[0].payment_method_id (#W8855135); user_profile.payment_methods; user_profile.payment_methods.credit_card_8105988.brand; user_profile.payment_methods.credit_card_8105988.last_four; user_profile.payment_methods.credit_card_8105988.source; orders[1].payment_history[0].payment_method_id (#W5416052)","no","请求按商品指代订单；按规则只依据可见记录：可见订单中只有 #W8855135 含 Air Purifier（#W5416052 不含），据此确定目标订单。mastercard 尾号 8484 在完整的 payment_methods 中唯一对应 credit_card_8105988。#W8855135 的支付记录（规则说明显示即完整）只有一笔 payment，原支付方式为 credit_card_3951670。credit_card_8105988 是该用户名下的另一支付方式（信用卡），既不是目标订单的原支付方式，也不是 gift card；同一用户的其他支付方式不足以满足规则，因此不符合。（credit_card_8105988 是另一可见订单 #W5416052 的支付方式，但与目标订单无关。）"
"r_3db64716bfd7","yuchi","2026-09-30T05:44:09.180Z","#W5353646","paypal_8049766","VALID_DESTINATION","customer_request; orders[0].items[0].name (#W5353646); orders[0].order_id (#W5353646); orders[0].payment_history[0].payment_method_id (#W5353646); user_profile.payment_methods.paypal_8049766.source","no","请求按商品指代订单；按规则只依据可见记录：唯一可见订单 #W5353646 含 Skateboard，据此确定目标订单。目的地直接给出 paypal_8049766，在 payment_methods 中存在。#W5353646 的支付记录（规则说明显示即完整）只有一笔 payment，原支付方式为 paypal_8049766。目的地就是目标订单的原支付方式，符合规则。"
"r_3f3afbb3e0d1","yuchi","2026-09-30T05:44:09.296Z","#W9527030","credit_card_4056740","VALID_DESTINATION","customer_request; orders[0].items[1].name (#W9527030); orders[0].order_id (#W9527030); orders[0].payment_history[0].payment_method_id (#W9527030); user_profile.payment_methods; user_profile.payment_methods.credit_card_4056740.brand; user_profile.payment_methods.credit_card_4056740.last_four; user_profile.payment_methods.credit_card_4056740.source","no","请求按商品指代订单；按规则只依据可见记录：唯一可见订单 #W9527030 含 Hiking Boots，据此确定目标订单。mastercard 尾号 4971 在完整的 payment_methods 中唯一对应 credit_card_4056740。#W9527030 的支付记录（规则说明显示即完整）只有一笔 payment，原支付方式为 credit_card_4056740。目的地就是目标订单的原支付方式，符合规则。"
"r_4122c48d6cc3","yuchi","2026-09-30T05:44:09.412Z","#W7941031","paypal_8049766","INVALID_DESTINATION","customer_request; orders[0].items[1].name (#W7941031); orders[0].order_id (#W7941031); orders[0].payment_history[0].payment_method_id (#W7941031); user_profile.payment_methods.paypal_8049766.source","no","请求按商品指代订单；按规则只依据可见记录：唯一可见订单 #W7941031 含 Backpack，据此确定目标订单。目的地直接给出 paypal_8049766，在 payment_methods 中存在。#W7941031 的支付记录（规则说明显示即完整）只有一笔 payment，原支付方式为 credit_card_9753331。paypal_8049766 是该用户名下的另一支付方式（PayPal），既不是目标订单的原支付方式，也不是 gift card；同一用户的其他支付方式不足以满足规则，因此不符合。"
"r_476fe595877b","yuchi","2026-09-30T05:44:09.495Z","#W3295833","credit_card_3261838","INVALID_DESTINATION","customer_request; orders[1].items[1].name (#W3295833); orders[0].items[*].name (#W1654931); orders[1].order_id (#W3295833); orders[1].payment_history[0].payment_method_id (#W3295833); user_profile.payment_methods; user_profile.payment_methods.credit_card_3261838.brand; user_profile.payment_methods.credit_card_3261838.last_four; user_profile.payment_methods.credit_card_3261838.source; orders[0].payment_history[0].payment_method_id (#W1654931)","no","请求按商品指代订单；按规则只依据可见记录：可见订单中只有 #W3295833 含 Luggage Set（#W1654931 不含），据此确定目标订单。visa 尾号 3194 在完整的 payment_methods 中唯一对应 credit_card_3261838。#W3295833 的支付记录（规则说明显示即完整）只有一笔 payment，原支付方式为 paypal_3650980。credit_card_3261838 是该用户名下的另一支付方式（信用卡），既不是目标订单的原支付方式，也不是 gift card；同一用户的其他支付方式不足以满足规则，因此不符合。（credit_card_3261838 是另一可见订单 #W1654931 的支付方式，但与目标订单无关。）"
"r_4ab156c3ff26","yuchi","2026-09-30T05:44:09.595Z","#W4794911","credit_card_8405687","INVALID_DESTINATION","customer_request; orders[0].order_id (#W4794911); orders[0].payment_history[0].payment_method_id (#W4794911); user_profile.payment_methods.credit_card_8405687.source","no","请求直接给出订单 #W4794911 和目的地 credit_card_8405687，两者都在当前条目中可见，无指代歧义。#W4794911 的支付记录（规则说明显示即完整）只有一笔 payment，原支付方式为 paypal_7503218。credit_card_8405687 是该用户名下的另一支付方式（信用卡），既不是目标订单的原支付方式，也不是 gift card；同一用户的其他支付方式不足以满足规则，因此不符合。"
"r_519ca8ee0fcb","yuchi","2026-09-30T05:44:09.696Z","#W3733909","paypal_2767694","INVALID_DESTINATION","customer_request; orders[0].order_id (#W3733909); orders[0].payment_history[0].payment_method_id (#W3733909); user_profile.payment_methods.paypal_2767694.source","no","请求直接给出订单 #W3733909 和目的地 paypal_2767694，两者都在当前条目中可见，无指代歧义。#W3733909 的支付记录（规则说明显示即完整）只有一笔 payment，原支付方式为 credit_card_1016162。paypal_2767694 是该用户名下的另一支付方式（PayPal），既不是目标订单的原支付方式，也不是 gift card；同一用户的其他支付方式不足以满足规则，因此不符合。"
"r_58cf841c6639","yuchi","2026-09-30T05:44:09.881Z","#W4556683","credit_card_9557278","VALID_DESTINATION","customer_request; orders[1].order_id (#W4556683); orders[1].payment_history[0].payment_method_id (#W4556683); user_profile.payment_methods.credit_card_9557278.source","no","请求直接给出订单 #W4556683 和目的地 credit_card_9557278，两者都在当前条目中可见，无指代歧义。#W4556683 的支付记录（规则说明显示即完整）只有一笔 payment，原支付方式为 credit_card_9557278。目的地就是目标订单的原支付方式，符合规则。"
"r_5cd4ce5a98d1","yuchi","2026-09-30T05:44:09.996Z","#W8855135","credit_card_8105988","INVALID_DESTINATION","customer_request; orders[0].order_id (#W8855135); orders[0].payment_history[0].payment_method_id (#W8855135); user_profile.payment_methods.credit_card_8105988.source; orders[1].payment_history[0].payment_method_id (#W5416052)","no","请求直接给出订单 #W8855135 和目的地 credit_card_8105988，两者都在当前条目中可见，无指代歧义。#W8855135 的支付记录（规则说明显示即完整）只有一笔 payment，原支付方式为 credit_card_3951670。credit_card_8105988 是该用户名下的另一支付方式（信用卡），既不是目标订单的原支付方式，也不是 gift card；同一用户的其他支付方式不足以满足规则，因此不符合。（credit_card_8105988 是另一可见订单 #W5416052 的支付方式，但与目标订单无关。）"
"r_5cd987e34c5f","yuchi","2026-09-30T05:44:10.096Z","#W6975922","paypal_3999493","VALID_DESTINATION","customer_request; orders[0].order_id (#W6975922); orders[0].payment_history[0].payment_method_id (#W6975922); user_profile.payment_methods.paypal_3999493.source","no","请求直接给出订单 #W6975922 和目的地 paypal_3999493，两者都在当前条目中可见，无指代歧义。#W6975922 的支付记录（规则说明显示即完整）只有一笔 payment，原支付方式为 paypal_3999493。目的地就是目标订单的原支付方式，符合规则。"
"r_5e5d4cee5a20","yuchi","2026-09-30T05:44:10.195Z","#W6851636","paypal_5541158","VALID_DESTINATION","customer_request; orders[0].items[0].name (#W6851636); orders[1].items[*].name (#W2040365); orders[0].order_id (#W6851636); orders[0].payment_history[0].payment_method_id (#W6851636); user_profile.payment_methods.paypal_5541158.source","no","请求按商品指代订单；按规则只依据可见记录：可见订单中只有 #W6851636 含 Running Shoes（#W2040365 不含），据此确定目标订单。目的地直接给出 paypal_5541158，在 payment_methods 中存在。#W6851636 的支付记录（规则说明显示即完整）只有一笔 payment，原支付方式为 paypal_5541158。目的地就是目标订单的原支付方式，符合规则。"
"r_5f303619786c","yuchi","2026-09-30T05:44:10.295Z","#W3780282","credit_card_8058445","VALID_DESTINATION","customer_request; orders[1].order_id (#W3780282); orders[1].payment_history[0].payment_method_id (#W3780282); user_profile.payment_methods.credit_card_8058445.source","no","请求直接给出订单 #W3780282 和目的地 credit_card_8058445，两者都在当前条目中可见，无指代歧义。#W3780282 的支付记录（规则说明显示即完整）只有一笔 payment，原支付方式为 credit_card_8058445。目的地就是目标订单的原支付方式，符合规则。"
"r_60eeaa292815","yuchi","2026-09-30T05:44:10.395Z","#W9288362","credit_card_6346500","INVALID_DESTINATION","customer_request; orders[1].order_id (#W9288362); orders[1].payment_history[0].payment_method_id (#W9288362); user_profile.payment_methods.credit_card_6346500.source","no","请求直接给出订单 #W9288362 和目的地 credit_card_6346500，两者都在当前条目中可见，无指代歧义。#W9288362 的支付记录（规则说明显示即完整）只有一笔 payment，原支付方式为 credit_card_3163940。credit_card_6346500 是该用户名下的另一支付方式（信用卡），既不是目标订单的原支付方式，也不是 gift card；同一用户的其他支付方式不足以满足规则，因此不符合。"
"r_620d591bf935","yuchi","2026-09-30T05:44:10.512Z","#W7990410","credit_card_9557278","INVALID_DESTINATION","customer_request; orders[0].items[2].name (#W7990410); orders[0].order_id (#W7990410); orders[0].payment_history[0].payment_method_id (#W7990410); user_profile.payment_methods; user_profile.payment_methods.credit_card_9557278.brand; user_profile.payment_methods.credit_card_9557278.last_four; user_profile.payment_methods.credit_card_9557278.source","no","请求按商品指代订单；按规则只依据可见记录：唯一可见订单 #W7990410 含 Bookshelf，据此确定目标订单。mastercard 尾号 9779 在完整的 payment_methods 中唯一对应 credit_card_9557278。#W7990410 的支付记录（规则说明显示即完整）只有一笔 payment，原支付方式为 paypal_7685859。credit_card_9557278 是该用户名下的另一支付方式（信用卡），既不是目标订单的原支付方式，也不是 gift card；同一用户的其他支付方式不足以满足规则，因此不符合。"
"r_660d4fb99568","yuchi","2026-09-30T05:44:10.628Z","#W6116680","paypal_3999493","VALID_DESTINATION","customer_request; orders[0].items[2].name (#W6116680); orders[1].items[*].name (#W6975922); orders[0].order_id (#W6116680); orders[0].payment_history[0].payment_method_id (#W6116680); user_profile.payment_methods.paypal_3999493.source","no","请求按商品指代订单；按规则只依据可见记录：可见订单中只有 #W6116680 含 Backpack（#W6975922 不含），据此确定目标订单。目的地直接给出 paypal_3999493，在 payment_methods 中存在。#W6116680 的支付记录（规则说明显示即完整）只有一笔 payment，原支付方式为 paypal_3999493。目的地就是目标订单的原支付方式，符合规则。"
"r_686adc00b588","yuchi","2026-09-30T05:44:10.728Z","#W5791505","credit_card_6346500","INVALID_DESTINATION","customer_request; orders[0].items[3].name (#W5791505); orders[1].items[*].name (#W9288362); orders[0].order_id (#W5791505); orders[0].payment_history[0].payment_method_id (#W5791505); user_profile.payment_methods; user_profile.payment_methods.credit_card_6346500.brand; user_profile.payment_methods.credit_card_6346500.last_four; user_profile.payment_methods.credit_card_6346500.source","no","请求按商品指代订单；按规则只依据可见记录：可见订单中只有 #W5791505 含 Bluetooth Speaker（#W9288362 不含），据此确定目标订单。mastercard 尾号 2231 在完整的 payment_methods 中唯一对应 credit_card_6346500。#W5791505 的支付记录（规则说明显示即完整）只有一笔 payment，原支付方式为 credit_card_3163940。credit_card_6346500 是该用户名下的另一支付方式（信用卡），既不是目标订单的原支付方式，也不是 gift card；同一用户的其他支付方式不足以满足规则，因此不符合。"
"r_6a09e9761411","yuchi","2026-09-30T05:44:10.828Z","#W9288362","credit_card_6346500","INVALID_DESTINATION","customer_request; orders[0].order_id (#W9288362); orders[0].payment_history[0].payment_method_id (#W9288362); user_profile.payment_methods.credit_card_6346500.source","no","请求直接给出订单 #W9288362 和目的地 credit_card_6346500，两者都在当前条目中可见，无指代歧义。#W9288362 的支付记录（规则说明显示即完整）只有一笔 payment，原支付方式为 credit_card_3163940。credit_card_6346500 是该用户名下的另一支付方式（信用卡），既不是目标订单的原支付方式，也不是 gift card；同一用户的其他支付方式不足以满足规则，因此不符合。"
"r_6a2c4d188642","yuchi","2026-09-30T05:44:10.928Z","#W8883368","paypal_5206520","INVALID_DESTINATION","customer_request; orders[1].items[0].name (#W8883368); orders[0].items[*].name (#W1430028); orders[1].order_id (#W8883368); orders[1].payment_history[0].payment_method_id (#W8883368); user_profile.payment_methods.paypal_5206520.source; orders[0].payment_history[0].payment_method_id (#W1430028)","no","请求按商品指代订单；按规则只依据可见记录：可见订单中只有 #W8883368 含 E-Reader（#W1430028 不含），据此确定目标订单。目的地直接给出 paypal_5206520，在 payment_methods 中存在。#W8883368 的支付记录（规则说明显示即完整）只有一笔 payment，原支付方式为 credit_card_3414703。paypal_5206520 是该用户名下的另一支付方式（PayPal），既不是目标订单的原支付方式，也不是 gift card；同一用户的其他支付方式不足以满足规则，因此不符合。（paypal_5206520 是另一可见订单 #W1430028 的支付方式，但与目标订单无关。）"
"r_6d1cfc976c5c","yuchi","2026-09-30T05:44:11.046Z","#W1654931","credit_card_3261838","VALID_DESTINATION","customer_request; orders[0].items[1].name (#W1654931); orders[1].items[*].name (#W3295833); orders[0].order_id (#W1654931); orders[0].payment_history[0].payment_method_id (#W1654931); user_profile.payment_methods; user_profile.payment_methods.credit_card_3261838.brand; user_profile.payment_methods.credit_card_3261838.last_four; user_profile.payment_methods.credit_card_3261838.source","no","请求按商品指代订单；按规则只依据可见记录：可见订单中只有 #W1654931 含 Air Purifier（#W3295833 不含），据此确定目标订单。visa 尾号 3194 在完整的 payment_methods 中唯一对应 credit_card_3261838。#W1654931 的支付记录（规则说明显示即完整）只有一笔 payment，原支付方式为 credit_card_3261838。目的地就是目标订单的原支付方式，符合规则。"
"r_6dd94656455d","yuchi","2026-09-30T05:44:11.163Z","#W8855135","credit_card_8105988","INVALID_DESTINATION","customer_request; orders[0].items[0].name (#W8855135); orders[0].order_id (#W8855135); orders[0].payment_history[0].payment_method_id (#W8855135); user_profile.payment_methods; user_profile.payment_methods.credit_card_8105988.brand; user_profile.payment_methods.credit_card_8105988.last_four; user_profile.payment_methods.credit_card_8105988.source","no","请求按商品指代订单；按规则只依据可见记录：唯一可见订单 #W8855135 含 Air Purifier，据此确定目标订单。mastercard 尾号 8484 在完整的 payment_methods 中唯一对应 credit_card_8105988。#W8855135 的支付记录（规则说明显示即完整）只有一笔 payment，原支付方式为 credit_card_3951670。credit_card_8105988 是该用户名下的另一支付方式（信用卡），既不是目标订单的原支付方式，也不是 gift card；同一用户的其他支付方式不足以满足规则，因此不符合。"
"r_6e167ccc3b15","yuchi","2026-09-30T05:44:11.262Z","#W4794911","credit_card_8405687","INVALID_DESTINATION","customer_request; orders[0].order_id (#W4794911); orders[0].payment_history[0].payment_method_id (#W4794911); user_profile.payment_methods.credit_card_8405687.source","no","请求直接给出订单 #W4794911 和目的地 credit_card_8405687，两者都在当前条目中可见，无指代歧义。#W4794911 的支付记录（规则说明显示即完整）只有一笔 payment，原支付方式为 paypal_7503218。credit_card_8405687 是该用户名下的另一支付方式（信用卡），既不是目标订单的原支付方式，也不是 gift card；同一用户的其他支付方式不足以满足规则，因此不符合。"
"r_6f44b6379a25","yuchi","2026-09-30T05:44:11.345Z","#W8855135","credit_card_8105988","INVALID_DESTINATION","customer_request; orders[0].order_id (#W8855135); orders[0].payment_history[0].payment_method_id (#W8855135); user_profile.payment_methods.credit_card_8105988.source","no","请求直接给出订单 #W8855135 和目的地 credit_card_8105988，两者都在当前条目中可见，无指代歧义。#W8855135 的支付记录（规则说明显示即完整）只有一笔 payment，原支付方式为 credit_card_3951670。credit_card_8105988 是该用户名下的另一支付方式（信用卡），既不是目标订单的原支付方式，也不是 gift card；同一用户的其他支付方式不足以满足规则，因此不符合。"
"r_7219dde7a368","yuchi","2026-09-30T05:44:11.478Z","#W8664580","credit_card_8058445","INVALID_DESTINATION","customer_request; orders[0].order_id (#W8664580); orders[0].payment_history[0].payment_method_id (#W8664580); user_profile.payment_methods.credit_card_8058445.source","no","请求直接给出订单 #W8664580 和目的地 credit_card_8058445，两者都在当前条目中可见，无指代歧义。#W8664580 的支付记录（规则说明显示即完整）只有一笔 payment，原支付方式为 paypal_9995021。credit_card_8058445 是该用户名下的另一支付方式（信用卡），既不是目标订单的原支付方式，也不是 gift card；同一用户的其他支付方式不足以满足规则，因此不符合。"
"r_72d4385541bd","yuchi","2026-09-30T05:44:11.596Z","#W9527030","credit_card_4056740","VALID_DESTINATION","customer_request; orders[1].order_id (#W9527030); orders[1].payment_history[0].payment_method_id (#W9527030); user_profile.payment_methods.credit_card_4056740.source","no","请求直接给出订单 #W9527030 和目的地 credit_card_4056740，两者都在当前条目中可见，无指代歧义。#W9527030 的支付记录（规则说明显示即完整）只有一笔 payment，原支付方式为 credit_card_4056740。目的地就是目标订单的原支付方式，符合规则。"
"r_74efd6c75e2b","yuchi","2026-09-30T05:44:11.696Z","#W6975922","paypal_3999493","VALID_DESTINATION","customer_request; orders[1].items[2].name (#W6975922); orders[0].items[*].name (#W6116680); orders[1].order_id (#W6975922); orders[1].payment_history[0].payment_method_id (#W6975922); user_profile.payment_methods.paypal_3999493.source","no","请求按商品指代订单；按规则只依据可见记录：可见订单中只有 #W6975922 含 Jigsaw Puzzle（#W6116680 不含），据此确定目标订单。目的地直接给出 paypal_3999493，在 payment_methods 中存在。#W6975922 的支付记录（规则说明显示即完整）只有一笔 payment，原支付方式为 paypal_3999493。目的地就是目标订单的原支付方式，符合规则。"
"r_7c2c922bb970","yuchi","2026-09-30T05:44:11.813Z","#W6975922","paypal_3999493","VALID_DESTINATION","customer_request; orders[0].items[2].name (#W6975922); orders[0].order_id (#W6975922); orders[0].payment_history[0].payment_method_id (#W6975922); user_profile.payment_methods.paypal_3999493.source","no","请求按商品指代订单；按规则只依据可见记录：唯一可见订单 #W6975922 含 Jigsaw Puzzle，据此确定目标订单。目的地直接给出 paypal_3999493，在 payment_methods 中存在。#W6975922 的支付记录（规则说明显示即完整）只有一笔 payment，原支付方式为 paypal_3999493。目的地就是目标订单的原支付方式，符合规则。"
"r_7d4e9e4d375b","yuchi","2026-09-30T05:44:11.911Z","#W3883329","paypal_2767694","INVALID_DESTINATION","customer_request; orders[0].items[1].name (#W3883329); orders[0].order_id (#W3883329); orders[0].payment_history[0].payment_method_id (#W3883329); user_profile.payment_methods.paypal_2767694.source","no","请求按商品指代订单；按规则只依据可见记录：唯一可见订单 #W3883329 含 Cycling Helmet，据此确定目标订单。目的地直接给出 paypal_2767694，在 payment_methods 中存在。#W3883329 的支付记录（规则说明显示即完整）只有一笔 payment，原支付方式为 credit_card_1016162。paypal_2767694 是该用户名下的另一支付方式（PayPal），既不是目标订单的原支付方式，也不是 gift card；同一用户的其他支付方式不足以满足规则，因此不符合。"
"r_8554135d87b7","yuchi","2026-09-30T05:44:12.013Z","#W3780282","credit_card_8058445","VALID_DESTINATION","customer_request; orders[0].items[0].name (#W3780282); orders[0].order_id (#W3780282); orders[0].payment_history[0].payment_method_id (#W3780282); user_profile.payment_methods; user_profile.payment_methods.credit_card_8058445.brand; user_profile.payment_methods.credit_card_8058445.last_four; user_profile.payment_methods.credit_card_8058445.source","no","请求按商品指代订单；按规则只依据可见记录：唯一可见订单 #W3780282 含 Coffee Maker，据此确定目标订单。visa 尾号 3660 在完整的 payment_methods 中唯一对应 credit_card_8058445。#W3780282 的支付记录（规则说明显示即完整）只有一笔 payment，原支付方式为 credit_card_8058445。目的地就是目标订单的原支付方式，符合规则。"
"r_8c12013a5a66","yuchi","2026-09-30T05:44:12.147Z","#W4556683","credit_card_9557278","VALID_DESTINATION","customer_request; orders[0].items[4].name (#W4556683); orders[0].order_id (#W4556683); orders[0].payment_history[0].payment_method_id (#W4556683); user_profile.payment_methods; user_profile.payment_methods.credit_card_9557278.brand; user_profile.payment_methods.credit_card_9557278.last_four; user_profile.payment_methods.credit_card_9557278.source","no","请求按商品指代订单；按规则只依据可见记录：唯一可见订单 #W4556683 含 Bluetooth Speaker，据此确定目标订单。mastercard 尾号 9779 在完整的 payment_methods 中唯一对应 credit_card_9557278。#W4556683 的支付记录（规则说明显示即完整）只有一笔 payment，原支付方式为 credit_card_9557278。目的地就是目标订单的原支付方式，符合规则。"
"r_8f1dcaec6995","yuchi","2026-09-30T05:44:12.278Z","#W7990410","credit_card_9557278","INVALID_DESTINATION","customer_request; orders[0].order_id (#W7990410); orders[0].payment_history[0].payment_method_id (#W7990410); user_profile.payment_methods.credit_card_9557278.source","no","请求直接给出订单 #W7990410 和目的地 credit_card_9557278，两者都在当前条目中可见，无指代歧义。#W7990410 的支付记录（规则说明显示即完整）只有一笔 payment，原支付方式为 paypal_7685859。credit_card_9557278 是该用户名下的另一支付方式（信用卡），既不是目标订单的原支付方式，也不是 gift card；同一用户的其他支付方式不足以满足规则，因此不符合。"
"r_8f6fc6cec70b","yuchi","2026-09-30T05:44:12.378Z","#W7941031","paypal_8049766","INVALID_DESTINATION","customer_request; orders[1].items[1].name (#W7941031); orders[0].items[*].name (#W5353646); orders[1].order_id (#W7941031); orders[1].payment_history[0].payment_method_id (#W7941031); user_profile.payment_methods.paypal_8049766.source; orders[0].payment_history[0].payment_method_id (#W5353646)","no","请求按商品指代订单；按规则只依据可见记录：可见订单中只有 #W7941031 含 Backpack（#W5353646 不含），据此确定目标订单。目的地直接给出 paypal_8049766，在 payment_methods 中存在。#W7941031 的支付记录（规则说明显示即完整）只有一笔 payment，原支付方式为 credit_card_9753331。paypal_8049766 是该用户名下的另一支付方式（PayPal），既不是目标订单的原支付方式，也不是 gift card；同一用户的其他支付方式不足以满足规则，因此不符合。（paypal_8049766 是另一可见订单 #W5353646 的支付方式，但与目标订单无关。）"
"r_90838c4e8345","yuchi","2026-09-30T05:44:12.528Z","#W3295833","credit_card_3261838","INVALID_DESTINATION","customer_request; orders[1].order_id (#W3295833); orders[1].payment_history[0].payment_method_id (#W3295833); user_profile.payment_methods.credit_card_3261838.source; orders[0].payment_history[0].payment_method_id (#W1654931)","no","请求直接给出订单 #W3295833 和目的地 credit_card_3261838，两者都在当前条目中可见，无指代歧义。#W3295833 的支付记录（规则说明显示即完整）只有一笔 payment，原支付方式为 paypal_3650980。credit_card_3261838 是该用户名下的另一支付方式（信用卡），既不是目标订单的原支付方式，也不是 gift card；同一用户的其他支付方式不足以满足规则，因此不符合。（credit_card_3261838 是另一可见订单 #W1654931 的支付方式，但与目标订单无关。）"
"r_90b417365b91","yuchi","2026-09-30T05:44:12.646Z","#W5353646","paypal_8049766","VALID_DESTINATION","customer_request; orders[0].order_id (#W5353646); orders[0].payment_history[0].payment_method_id (#W5353646); user_profile.payment_methods.paypal_8049766.source","no","请求直接给出订单 #W5353646 和目的地 paypal_8049766，两者都在当前条目中可见，无指代歧义。#W5353646 的支付记录（规则说明显示即完整）只有一笔 payment，原支付方式为 paypal_8049766。目的地就是目标订单的原支付方式，符合规则。"
"r_94a7aa047ea1","yuchi","2026-09-30T05:44:12.746Z","#W8883368","paypal_5206520","INVALID_DESTINATION","customer_request; orders[1].order_id (#W8883368); orders[1].payment_history[0].payment_method_id (#W8883368); user_profile.payment_methods.paypal_5206520.source; orders[0].payment_history[0].payment_method_id (#W1430028)","no","请求直接给出订单 #W8883368 和目的地 paypal_5206520，两者都在当前条目中可见，无指代歧义。#W8883368 的支付记录（规则说明显示即完整）只有一笔 payment，原支付方式为 credit_card_3414703。paypal_5206520 是该用户名下的另一支付方式（PayPal），既不是目标订单的原支付方式，也不是 gift card；同一用户的其他支付方式不足以满足规则，因此不符合。（paypal_5206520 是另一可见订单 #W1430028 的支付方式，但与目标订单无关。）"
"r_98689d22d641","yuchi","2026-09-30T05:44:12.862Z","#W6116680","paypal_3999493","VALID_DESTINATION","customer_request; orders[0].items[2].name (#W6116680); orders[0].order_id (#W6116680); orders[0].payment_history[0].payment_method_id (#W6116680); user_profile.payment_methods.paypal_3999493.source","no","请求按商品指代订单；按规则只依据可见记录：唯一可见订单 #W6116680 含 Backpack，据此确定目标订单。目的地直接给出 paypal_3999493，在 payment_methods 中存在。#W6116680 的支付记录（规则说明显示即完整）只有一笔 payment，原支付方式为 paypal_3999493。目的地就是目标订单的原支付方式，符合规则。"
"r_99351772ee81","yuchi","2026-09-30T05:44:12.962Z","#W3733909","paypal_2767694","INVALID_DESTINATION","customer_request; orders[0].items[2].name (#W3733909); orders[0].order_id (#W3733909); orders[0].payment_history[0].payment_method_id (#W3733909); user_profile.payment_methods.paypal_2767694.source","no","请求按商品指代订单；按规则只依据可见记录：唯一可见订单 #W3733909 含 Bicycle，据此确定目标订单。目的地直接给出 paypal_2767694，在 payment_methods 中存在。#W3733909 的支付记录（规则说明显示即完整）只有一笔 payment，原支付方式为 credit_card_1016162。paypal_2767694 是该用户名下的另一支付方式（PayPal），既不是目标订单的原支付方式，也不是 gift card；同一用户的其他支付方式不足以满足规则，因此不符合。"
"r_99aa8cad2d52","yuchi","2026-09-30T05:44:13.079Z","#W8664580","credit_card_8058445","INVALID_DESTINATION","customer_request; orders[0].order_id (#W8664580); orders[0].payment_history[0].payment_method_id (#W8664580); user_profile.payment_methods.credit_card_8058445.source; orders[1].payment_history[0].payment_method_id (#W3780282)","no","请求直接给出订单 #W8664580 和目的地 credit_card_8058445，两者都在当前条目中可见，无指代歧义。#W8664580 的支付记录（规则说明显示即完整）只有一笔 payment，原支付方式为 paypal_9995021。credit_card_8058445 是该用户名下的另一支付方式（信用卡），既不是目标订单的原支付方式，也不是 gift card；同一用户的其他支付方式不足以满足规则，因此不符合。（credit_card_8058445 是另一可见订单 #W3780282 的支付方式，但与目标订单无关。）"
"r_9ce21548a444","yuchi","2026-09-30T05:44:13.178Z","#W6885344","credit_card_8405687","INVALID_DESTINATION","customer_request; orders[1].items[0].name (#W6885344); orders[0].items[*].name (#W4794911); orders[1].order_id (#W6885344); orders[1].payment_history[0].payment_method_id (#W6885344); user_profile.payment_methods; user_profile.payment_methods.credit_card_8405687.brand; user_profile.payment_methods.credit_card_8405687.last_four; user_profile.payment_methods.credit_card_8405687.source","no","请求按商品指代订单；按规则只依据可见记录：可见订单中只有 #W6885344 含 Backpack（#W4794911 不含），据此确定目标订单。mastercard 尾号 3762 在完整的 payment_methods 中唯一对应 credit_card_8405687。#W6885344 的支付记录（规则说明显示即完整）只有一笔 payment，原支付方式为 paypal_7503218。credit_card_8405687 是该用户名下的另一支付方式（信用卡），既不是目标订单的原支付方式，也不是 gift card；同一用户的其他支付方式不足以满足规则，因此不符合。"
"r_9eba777efba5","yuchi","2026-09-30T05:44:13.295Z","#W5416052","credit_card_8105988","VALID_DESTINATION","customer_request; orders[0].items[1].name (#W5416052); orders[0].order_id (#W5416052); orders[0].payment_history[0].payment_method_id (#W5416052); user_profile.payment_methods; user_profile.payment_methods.credit_card_8105988.brand; user_profile.payment_methods.credit_card_8105988.last_four; user_profile.payment_methods.credit_card_8105988.source","no","请求按商品指代订单；按规则只依据可见记录：唯一可见订单 #W5416052 含 Cycling Helmet，据此确定目标订单。mastercard 尾号 8484 在完整的 payment_methods 中唯一对应 credit_card_8105988。#W5416052 的支付记录（规则说明显示即完整）只有一笔 payment，原支付方式为 credit_card_8105988。目的地就是目标订单的原支付方式，符合规则。"
"r_a1d8f5a9e3cd","yuchi","2026-09-30T05:44:13.412Z","#W6885344","credit_card_8405687","INVALID_DESTINATION","customer_request; orders[1].order_id (#W6885344); orders[1].payment_history[0].payment_method_id (#W6885344); user_profile.payment_methods.credit_card_8405687.source","no","请求直接给出订单 #W6885344 和目的地 credit_card_8405687，两者都在当前条目中可见，无指代歧义。#W6885344 的支付记录（规则说明显示即完整）只有一笔 payment，原支付方式为 paypal_7503218。credit_card_8405687 是该用户名下的另一支付方式（信用卡），既不是目标订单的原支付方式，也不是 gift card；同一用户的其他支付方式不足以满足规则，因此不符合。"
"r_a2f3ef701c4d","yuchi","2026-09-30T05:44:13.528Z","#W3780282","credit_card_8058445","VALID_DESTINATION","customer_request; orders[1].items[0].name (#W3780282); orders[0].items[*].name (#W8664580); orders[1].order_id (#W3780282); orders[1].payment_history[0].payment_method_id (#W3780282); user_profile.payment_methods; user_profile.payment_methods.credit_card_8058445.brand; user_profile.payment_methods.credit_card_8058445.last_four; user_profile.payment_methods.credit_card_8058445.source","no","请求按商品指代订单；按规则只依据可见记录：可见订单中只有 #W3780282 含 Coffee Maker（#W8664580 不含），据此确定目标订单。visa 尾号 3660 在完整的 payment_methods 中唯一对应 credit_card_8058445。#W3780282 的支付记录（规则说明显示即完整）只有一笔 payment，原支付方式为 credit_card_8058445。目的地就是目标订单的原支付方式，符合规则。"
"r_a3ca2ef14313","yuchi","2026-09-30T05:44:13.628Z","#W2040365","paypal_5541158","VALID_DESTINATION","customer_request; orders[1].items[2].name (#W2040365); orders[0].items[*].name (#W6851636); orders[1].order_id (#W2040365); orders[1].payment_history[0].payment_method_id (#W2040365); user_profile.payment_methods.paypal_5541158.source","no","请求按商品指代订单；按规则只依据可见记录：可见订单中只有 #W2040365 含 Desk Lamp（#W6851636 不含），据此确定目标订单。目的地直接给出 paypal_5541158，在 payment_methods 中存在。#W2040365 的支付记录（规则说明显示即完整）只有一笔 payment，原支付方式为 paypal_5541158。目的地就是目标订单的原支付方式，符合规则。"
"r_a41aa3dbb620","yuchi","2026-09-30T05:44:13.728Z","#W2040365","paypal_5541158","VALID_DESTINATION","customer_request; orders[0].order_id (#W2040365); orders[0].payment_history[0].payment_method_id (#W2040365); user_profile.payment_methods.paypal_5541158.source","no","请求直接给出订单 #W2040365 和目的地 paypal_5541158，两者都在当前条目中可见，无指代歧义。#W2040365 的支付记录（规则说明显示即完整）只有一笔 payment，原支付方式为 paypal_5541158。目的地就是目标订单的原支付方式，符合规则。"
"r_a45bc2cb66d9","yuchi","2026-09-30T05:44:13.828Z","#W4794911","credit_card_8405687","INVALID_DESTINATION","customer_request; orders[0].items[3].name (#W4794911); orders[1].items[*].name (#W6885344); orders[0].order_id (#W4794911); orders[0].payment_history[0].payment_method_id (#W4794911); user_profile.payment_methods; user_profile.payment_methods.credit_card_8405687.brand; user_profile.payment_methods.credit_card_8405687.last_four; user_profile.payment_methods.credit_card_8405687.source","no","请求按商品指代订单；按规则只依据可见记录：可见订单中只有 #W4794911 含 Air Purifier（#W6885344 不含），据此确定目标订单。mastercard 尾号 3762 在完整的 payment_methods 中唯一对应 credit_card_8405687。#W4794911 的支付记录（规则说明显示即完整）只有一笔 payment，原支付方式为 paypal_7503218。credit_card_8405687 是该用户名下的另一支付方式（信用卡），既不是目标订单的原支付方式，也不是 gift card；同一用户的其他支付方式不足以满足规则，因此不符合。"
"r_adc767cc4e54","yuchi","2026-09-30T05:44:13.928Z","#W5416052","credit_card_8105988","VALID_DESTINATION","customer_request; orders[1].items[1].name (#W5416052); orders[0].items[*].name (#W8855135); orders[1].order_id (#W5416052); orders[1].payment_history[0].payment_method_id (#W5416052); user_profile.payment_methods; user_profile.payment_methods.credit_card_8105988.brand; user_profile.payment_methods.credit_card_8105988.last_four; user_profile.payment_methods.credit_card_8105988.source","no","请求按商品指代订单；按规则只依据可见记录：可见订单中只有 #W5416052 含 Cycling Helmet（#W8855135 不含），据此确定目标订单。mastercard 尾号 8484 在完整的 payment_methods 中唯一对应 credit_card_8105988。#W5416052 的支付记录（规则说明显示即完整）只有一笔 payment，原支付方式为 credit_card_8105988。目的地就是目标订单的原支付方式，符合规则。"
"r_af1b6f915d3f","yuchi","2026-09-30T05:44:14.028Z","#W6851636","paypal_5541158","VALID_DESTINATION","customer_request; orders[0].order_id (#W6851636); orders[0].payment_history[0].payment_method_id (#W6851636); user_profile.payment_methods.paypal_5541158.source","no","请求直接给出订单 #W6851636 和目的地 paypal_5541158，两者都在当前条目中可见，无指代歧义。#W6851636 的支付记录（规则说明显示即完整）只有一笔 payment，原支付方式为 paypal_5541158。目的地就是目标订单的原支付方式，符合规则。"
"r_b1f52e4fed8e","yuchi","2026-09-30T05:44:14.129Z","#W3883329","paypal_2767694","INVALID_DESTINATION","customer_request; orders[0].order_id (#W3883329); orders[0].payment_history[0].payment_method_id (#W3883329); user_profile.payment_methods.paypal_2767694.source","no","请求直接给出订单 #W3883329 和目的地 paypal_2767694，两者都在当前条目中可见，无指代歧义。#W3883329 的支付记录（规则说明显示即完整）只有一笔 payment，原支付方式为 credit_card_1016162。paypal_2767694 是该用户名下的另一支付方式（PayPal），既不是目标订单的原支付方式，也不是 gift card；同一用户的其他支付方式不足以满足规则，因此不符合。"
"r_b32bf28aabd0","yuchi","2026-09-30T05:44:14.228Z","#W4794911","credit_card_8405687","INVALID_DESTINATION","customer_request; orders[0].items[3].name (#W4794911); orders[0].order_id (#W4794911); orders[0].payment_history[0].payment_method_id (#W4794911); user_profile.payment_methods; user_profile.payment_methods.credit_card_8405687.brand; user_profile.payment_methods.credit_card_8405687.last_four; user_profile.payment_methods.credit_card_8405687.source","no","请求按商品指代订单；按规则只依据可见记录：唯一可见订单 #W4794911 含 Air Purifier，据此确定目标订单。mastercard 尾号 3762 在完整的 payment_methods 中唯一对应 credit_card_8405687。#W4794911 的支付记录（规则说明显示即完整）只有一笔 payment，原支付方式为 paypal_7503218。credit_card_8405687 是该用户名下的另一支付方式（信用卡），既不是目标订单的原支付方式，也不是 gift card；同一用户的其他支付方式不足以满足规则，因此不符合。"
"r_b6e42925575d","yuchi","2026-09-30T05:44:14.328Z","#W8883368","paypal_5206520","INVALID_DESTINATION","customer_request; orders[0].order_id (#W8883368); orders[0].payment_history[0].payment_method_id (#W8883368); user_profile.payment_methods.paypal_5206520.source","no","请求直接给出订单 #W8883368 和目的地 paypal_5206520，两者都在当前条目中可见，无指代歧义。#W8883368 的支付记录（规则说明显示即完整）只有一笔 payment，原支付方式为 credit_card_3414703。paypal_5206520 是该用户名下的另一支付方式（PayPal），既不是目标订单的原支付方式，也不是 gift card；同一用户的其他支付方式不足以满足规则，因此不符合。"
"r_b6e60ced9a4b","yuchi","2026-09-30T05:44:14.411Z","#W3883329","paypal_2767694","INVALID_DESTINATION","customer_request; orders[0].items[1].name (#W3883329); orders[1].items[*].name (#W3733909); orders[0].order_id (#W3883329); orders[0].payment_history[0].payment_method_id (#W3883329); user_profile.payment_methods.paypal_2767694.source","no","请求按商品指代订单；按规则只依据可见记录：可见订单中只有 #W3883329 含 Cycling Helmet（#W3733909 不含），据此确定目标订单。目的地直接给出 paypal_2767694，在 payment_methods 中存在。#W3883329 的支付记录（规则说明显示即完整）只有一笔 payment，原支付方式为 credit_card_1016162。paypal_2767694 是该用户名下的另一支付方式（PayPal），既不是目标订单的原支付方式，也不是 gift card；同一用户的其他支付方式不足以满足规则，因此不符合。"
"r_b85dfd179632","yuchi","2026-09-30T05:44:14.511Z","#W9667707","credit_card_4056740","VALID_DESTINATION","customer_request; orders[0].order_id (#W9667707); orders[0].payment_history[0].payment_method_id (#W9667707); user_profile.payment_methods.credit_card_4056740.source","no","请求直接给出订单 #W9667707 和目的地 credit_card_4056740，两者都在当前条目中可见，无指代歧义。#W9667707 的支付记录（规则说明显示即完整）只有一笔 payment，原支付方式为 credit_card_4056740。目的地就是目标订单的原支付方式，符合规则。"
"r_bbadbf4b1376","yuchi","2026-09-30T05:44:14.611Z","#W5353646","paypal_8049766","VALID_DESTINATION","customer_request; orders[0].items[0].name (#W5353646); orders[1].items[*].name (#W7941031); orders[0].order_id (#W5353646); orders[0].payment_history[0].payment_method_id (#W5353646); user_profile.payment_methods.paypal_8049766.source","no","请求按商品指代订单；按规则只依据可见记录：可见订单中只有 #W5353646 含 Skateboard（#W7941031 不含），据此确定目标订单。目的地直接给出 paypal_8049766，在 payment_methods 中存在。#W5353646 的支付记录（规则说明显示即完整）只有一笔 payment，原支付方式为 paypal_8049766。目的地就是目标订单的原支付方式，符合规则。"
"r_bbe55f88f6ef","yuchi","2026-09-30T05:44:14.733Z","#W1430028","paypal_5206520","VALID_DESTINATION","customer_request; orders[0].items[0].name (#W1430028); orders[0].order_id (#W1430028); orders[0].payment_history[0].payment_method_id (#W1430028); user_profile.payment_methods.paypal_5206520.source","no","请求按商品指代订单；按规则只依据可见记录：唯一可见订单 #W1430028 含 Running Shoes，据此确定目标订单。目的地直接给出 paypal_5206520，在 payment_methods 中存在。#W1430028 的支付记录（规则说明显示即完整）只有一笔 payment，原支付方式为 paypal_5206520。目的地就是目标订单的原支付方式，符合规则。"
"r_bddadda1b49f","yuchi","2026-09-30T05:44:14.846Z","#W8664580","credit_card_8058445","INVALID_DESTINATION","customer_request; orders[0].items[0].name (#W8664580); orders[1].items[*].name (#W3780282); orders[0].order_id (#W8664580); orders[0].payment_history[0].payment_method_id (#W8664580); user_profile.payment_methods; user_profile.payment_methods.credit_card_8058445.brand; user_profile.payment_methods.credit_card_8058445.last_four; user_profile.payment_methods.credit_card_8058445.source; orders[1].payment_history[0].payment_method_id (#W3780282)","no","请求按商品指代订单；按规则只依据可见记录：可见订单中只有 #W8664580 含 Water Bottle（#W3780282 不含），据此确定目标订单。visa 尾号 3660 在完整的 payment_methods 中唯一对应 credit_card_8058445。#W8664580 的支付记录（规则说明显示即完整）只有一笔 payment，原支付方式为 paypal_9995021。credit_card_8058445 是该用户名下的另一支付方式（信用卡），既不是目标订单的原支付方式，也不是 gift card；同一用户的其他支付方式不足以满足规则，因此不符合。（credit_card_8058445 是另一可见订单 #W3780282 的支付方式，但与目标订单无关。）"
"r_c08893e9fdae","yuchi","2026-09-30T05:44:14.946Z","#W4556683","credit_card_9557278","VALID_DESTINATION","customer_request; orders[1].items[4].name (#W4556683); orders[0].items[*].name (#W7990410); orders[1].order_id (#W4556683); orders[1].payment_history[0].payment_method_id (#W4556683); user_profile.payment_methods; user_profile.payment_methods.credit_card_9557278.brand; user_profile.payment_methods.credit_card_9557278.last_four; user_profile.payment_methods.credit_card_9557278.source","no","请求按商品指代订单；按规则只依据可见记录：可见订单中只有 #W4556683 含 Bluetooth Speaker（#W7990410 不含），据此确定目标订单。mastercard 尾号 9779 在完整的 payment_methods 中唯一对应 credit_card_9557278。#W4556683 的支付记录（规则说明显示即完整）只有一笔 payment，原支付方式为 credit_card_9557278。目的地就是目标订单的原支付方式，符合规则。"
"r_c1ff431e4d66","yuchi","2026-09-30T05:44:15.095Z","#W7990410","credit_card_9557278","INVALID_DESTINATION","customer_request; orders[0].items[2].name (#W7990410); orders[1].items[*].name (#W4556683); orders[0].order_id (#W7990410); orders[0].payment_history[0].payment_method_id (#W7990410); user_profile.payment_methods; user_profile.payment_methods.credit_card_9557278.brand; user_profile.payment_methods.credit_card_9557278.last_four; user_profile.payment_methods.credit_card_9557278.source; orders[1].payment_history[0].payment_method_id (#W4556683)","no","请求按商品指代订单；按规则只依据可见记录：可见订单中只有 #W7990410 含 Bookshelf（#W4556683 不含），据此确定目标订单。mastercard 尾号 9779 在完整的 payment_methods 中唯一对应 credit_card_9557278。#W7990410 的支付记录（规则说明显示即完整）只有一笔 payment，原支付方式为 paypal_7685859。credit_card_9557278 是该用户名下的另一支付方式（信用卡），既不是目标订单的原支付方式，也不是 gift card；同一用户的其他支付方式不足以满足规则，因此不符合。（credit_card_9557278 是另一可见订单 #W4556683 的支付方式，但与目标订单无关。）"
"r_c5aa47181888","yuchi","2026-09-30T05:44:15.195Z","#W8883368","paypal_5206520","INVALID_DESTINATION","customer_request; orders[0].items[0].name (#W8883368); orders[0].order_id (#W8883368); orders[0].payment_history[0].payment_method_id (#W8883368); user_profile.payment_methods.paypal_5206520.source","no","请求按商品指代订单；按规则只依据可见记录：唯一可见订单 #W8883368 含 E-Reader，据此确定目标订单。目的地直接给出 paypal_5206520，在 payment_methods 中存在。#W8883368 的支付记录（规则说明显示即完整）只有一笔 payment，原支付方式为 credit_card_3414703。paypal_5206520 是该用户名下的另一支付方式（PayPal），既不是目标订单的原支付方式，也不是 gift card；同一用户的其他支付方式不足以满足规则，因此不符合。"
"r_c89ac8241975","yuchi","2026-09-30T05:44:15.295Z","#W5416052","credit_card_8105988","VALID_DESTINATION","customer_request; orders[0].order_id (#W5416052); orders[0].payment_history[0].payment_method_id (#W5416052); user_profile.payment_methods.credit_card_8105988.source","no","请求直接给出订单 #W5416052 和目的地 credit_card_8105988，两者都在当前条目中可见，无指代歧义。#W5416052 的支付记录（规则说明显示即完整）只有一笔 payment，原支付方式为 credit_card_8105988。目的地就是目标订单的原支付方式，符合规则。"
"r_d41c4fa80842","yuchi","2026-09-30T05:44:15.394Z","#W1654931","credit_card_3261838","VALID_DESTINATION","customer_request; orders[0].order_id (#W1654931); orders[0].payment_history[0].payment_method_id (#W1654931); user_profile.payment_methods.credit_card_3261838.source","no","请求直接给出订单 #W1654931 和目的地 credit_card_3261838，两者都在当前条目中可见，无指代歧义。#W1654931 的支付记录（规则说明显示即完整）只有一笔 payment，原支付方式为 credit_card_3261838。目的地就是目标订单的原支付方式，符合规则。"
"r_d8f41b319691","yuchi","2026-09-30T05:44:15.495Z","#W7941031","paypal_8049766","INVALID_DESTINATION","customer_request; orders[1].order_id (#W7941031); orders[1].payment_history[0].payment_method_id (#W7941031); user_profile.payment_methods.paypal_8049766.source; orders[0].payment_history[0].payment_method_id (#W5353646)","no","请求直接给出订单 #W7941031 和目的地 paypal_8049766，两者都在当前条目中可见，无指代歧义。#W7941031 的支付记录（规则说明显示即完整）只有一笔 payment，原支付方式为 credit_card_9753331。paypal_8049766 是该用户名下的另一支付方式（PayPal），既不是目标订单的原支付方式，也不是 gift card；同一用户的其他支付方式不足以满足规则，因此不符合。（paypal_8049766 是另一可见订单 #W5353646 的支付方式，但与目标订单无关。）"
"r_d91b5adafe5d","yuchi","2026-09-30T05:44:15.595Z","#W4556683","credit_card_9557278","VALID_DESTINATION","customer_request; orders[0].order_id (#W4556683); orders[0].payment_history[0].payment_method_id (#W4556683); user_profile.payment_methods.credit_card_9557278.source","no","请求直接给出订单 #W4556683 和目的地 credit_card_9557278，两者都在当前条目中可见，无指代歧义。#W4556683 的支付记录（规则说明显示即完整）只有一笔 payment，原支付方式为 credit_card_9557278。目的地就是目标订单的原支付方式，符合规则。"
"r_d9ef0c2f248b","yuchi","2026-09-30T05:44:15.695Z","#W3733909","paypal_2767694","INVALID_DESTINATION","customer_request; orders[1].items[2].name (#W3733909); orders[0].items[*].name (#W3883329); orders[1].order_id (#W3733909); orders[1].payment_history[0].payment_method_id (#W3733909); user_profile.payment_methods.paypal_2767694.source","no","请求按商品指代订单；按规则只依据可见记录：可见订单中只有 #W3733909 含 Bicycle（#W3883329 不含），据此确定目标订单。目的地直接给出 paypal_2767694，在 payment_methods 中存在。#W3733909 的支付记录（规则说明显示即完整）只有一笔 payment，原支付方式为 credit_card_1016162。paypal_2767694 是该用户名下的另一支付方式（PayPal），既不是目标订单的原支付方式，也不是 gift card；同一用户的其他支付方式不足以满足规则，因此不符合。"
"r_db50856080be","yuchi","2026-09-30T05:44:15.812Z","#W5791505","credit_card_6346500","INVALID_DESTINATION","customer_request; orders[0].order_id (#W5791505); orders[0].payment_history[0].payment_method_id (#W5791505); user_profile.payment_methods.credit_card_6346500.source","no","请求直接给出订单 #W5791505 和目的地 credit_card_6346500，两者都在当前条目中可见，无指代歧义。#W5791505 的支付记录（规则说明显示即完整）只有一笔 payment，原支付方式为 credit_card_3163940。credit_card_6346500 是该用户名下的另一支付方式（信用卡），既不是目标订单的原支付方式，也不是 gift card；同一用户的其他支付方式不足以满足规则，因此不符合。"
"r_de029a360de3","yuchi","2026-09-30T05:44:15.911Z","#W1430028","paypal_5206520","VALID_DESTINATION","customer_request; orders[0].order_id (#W1430028); orders[0].payment_history[0].payment_method_id (#W1430028); user_profile.payment_methods.paypal_5206520.source","no","请求直接给出订单 #W1430028 和目的地 paypal_5206520，两者都在当前条目中可见，无指代歧义。#W1430028 的支付记录（规则说明显示即完整）只有一笔 payment，原支付方式为 paypal_5206520。目的地就是目标订单的原支付方式，符合规则。"
"r_e003adacaeb6","yuchi","2026-09-30T05:44:16.030Z","#W1430028","paypal_5206520","VALID_DESTINATION","customer_request; orders[0].order_id (#W1430028); orders[0].payment_history[0].payment_method_id (#W1430028); user_profile.payment_methods.paypal_5206520.source","no","请求直接给出订单 #W1430028 和目的地 paypal_5206520，两者都在当前条目中可见，无指代歧义。#W1430028 的支付记录（规则说明显示即完整）只有一笔 payment，原支付方式为 paypal_5206520。目的地就是目标订单的原支付方式，符合规则。"
"r_e01da06a805c","yuchi","2026-09-30T05:44:16.163Z","#W6116680","paypal_3999493","VALID_DESTINATION","customer_request; orders[0].order_id (#W6116680); orders[0].payment_history[0].payment_method_id (#W6116680); user_profile.payment_methods.paypal_3999493.source","no","请求直接给出订单 #W6116680 和目的地 paypal_3999493，两者都在当前条目中可见，无指代歧义。#W6116680 的支付记录（规则说明显示即完整）只有一笔 payment，原支付方式为 paypal_3999493。目的地就是目标订单的原支付方式，符合规则。"
"r_e5ed99ae2400","yuchi","2026-09-30T05:44:16.279Z","#W1654931","credit_card_3261838","VALID_DESTINATION","customer_request; orders[0].items[1].name (#W1654931); orders[0].order_id (#W1654931); orders[0].payment_history[0].payment_method_id (#W1654931); user_profile.payment_methods; user_profile.payment_methods.credit_card_3261838.brand; user_profile.payment_methods.credit_card_3261838.last_four; user_profile.payment_methods.credit_card_3261838.source","no","请求按商品指代订单；按规则只依据可见记录：唯一可见订单 #W1654931 含 Air Purifier，据此确定目标订单。visa 尾号 3194 在完整的 payment_methods 中唯一对应 credit_card_3261838。#W1654931 的支付记录（规则说明显示即完整）只有一笔 payment，原支付方式为 credit_card_3261838。目的地就是目标订单的原支付方式，符合规则。"
"r_e6c358edfe8c","yuchi","2026-09-30T05:44:16.395Z","#W9527030","credit_card_4056740","VALID_DESTINATION","customer_request; orders[0].order_id (#W9527030); orders[0].payment_history[0].payment_method_id (#W9527030); user_profile.payment_methods.credit_card_4056740.source","no","请求直接给出订单 #W9527030 和目的地 credit_card_4056740，两者都在当前条目中可见，无指代歧义。#W9527030 的支付记录（规则说明显示即完整）只有一笔 payment，原支付方式为 credit_card_4056740。目的地就是目标订单的原支付方式，符合规则。"
"r_e822f0571c9d","yuchi","2026-09-30T05:44:16.494Z","#W5353646","paypal_8049766","VALID_DESTINATION","customer_request; orders[0].order_id (#W5353646); orders[0].payment_history[0].payment_method_id (#W5353646); user_profile.payment_methods.paypal_8049766.source","no","请求直接给出订单 #W5353646 和目的地 paypal_8049766，两者都在当前条目中可见，无指代歧义。#W5353646 的支付记录（规则说明显示即完整）只有一笔 payment，原支付方式为 paypal_8049766。目的地就是目标订单的原支付方式，符合规则。"
"r_e8d728bd63cc","yuchi","2026-09-30T05:44:16.578Z","#W6885344","credit_card_8405687","INVALID_DESTINATION","customer_request; orders[0].order_id (#W6885344); orders[0].payment_history[0].payment_method_id (#W6885344); user_profile.payment_methods.credit_card_8405687.source","no","请求直接给出订单 #W6885344 和目的地 credit_card_8405687，两者都在当前条目中可见，无指代歧义。#W6885344 的支付记录（规则说明显示即完整）只有一笔 payment，原支付方式为 paypal_7503218。credit_card_8405687 是该用户名下的另一支付方式（信用卡），既不是目标订单的原支付方式，也不是 gift card；同一用户的其他支付方式不足以满足规则，因此不符合。"
"r_eb0d509af2de","yuchi","2026-09-30T05:44:16.679Z","#W6885344","credit_card_8405687","INVALID_DESTINATION","customer_request; orders[0].items[0].name (#W6885344); orders[0].order_id (#W6885344); orders[0].payment_history[0].payment_method_id (#W6885344); user_profile.payment_methods; user_profile.payment_methods.credit_card_8405687.brand; user_profile.payment_methods.credit_card_8405687.last_four; user_profile.payment_methods.credit_card_8405687.source","no","请求按商品指代订单；按规则只依据可见记录：唯一可见订单 #W6885344 含 Backpack，据此确定目标订单。mastercard 尾号 3762 在完整的 payment_methods 中唯一对应 credit_card_8405687。#W6885344 的支付记录（规则说明显示即完整）只有一笔 payment，原支付方式为 paypal_7503218。credit_card_8405687 是该用户名下的另一支付方式（信用卡），既不是目标订单的原支付方式，也不是 gift card；同一用户的其他支付方式不足以满足规则，因此不符合。"
"r_ec0b6c1a5982","yuchi","2026-09-30T05:44:16.778Z","#W2040365","paypal_5541158","VALID_DESTINATION","customer_request; orders[0].items[2].name (#W2040365); orders[0].order_id (#W2040365); orders[0].payment_history[0].payment_method_id (#W2040365); user_profile.payment_methods.paypal_5541158.source","no","请求按商品指代订单；按规则只依据可见记录：唯一可见订单 #W2040365 含 Desk Lamp，据此确定目标订单。目的地直接给出 paypal_5541158，在 payment_methods 中存在。#W2040365 的支付记录（规则说明显示即完整）只有一笔 payment，原支付方式为 paypal_5541158。目的地就是目标订单的原支付方式，符合规则。"
"r_f26d2591a46f","yuchi","2026-09-30T05:44:16.878Z","#W3883329","paypal_2767694","INVALID_DESTINATION","customer_request; orders[0].order_id (#W3883329); orders[0].payment_history[0].payment_method_id (#W3883329); user_profile.payment_methods.paypal_2767694.source","no","请求直接给出订单 #W3883329 和目的地 paypal_2767694，两者都在当前条目中可见，无指代歧义。#W3883329 的支付记录（规则说明显示即完整）只有一笔 payment，原支付方式为 credit_card_1016162。paypal_2767694 是该用户名下的另一支付方式（PayPal），既不是目标订单的原支付方式，也不是 gift card；同一用户的其他支付方式不足以满足规则，因此不符合。"
"r_f36733930ea2","yuchi","2026-09-30T05:44:16.979Z","#W9667707","credit_card_4056740","VALID_DESTINATION","customer_request; orders[0].order_id (#W9667707); orders[0].payment_history[0].payment_method_id (#W9667707); user_profile.payment_methods.credit_card_4056740.source","no","请求直接给出订单 #W9667707 和目的地 credit_card_4056740，两者都在当前条目中可见，无指代歧义。#W9667707 的支付记录（规则说明显示即完整）只有一笔 payment，原支付方式为 credit_card_4056740。目的地就是目标订单的原支付方式，符合规则。"
"r_f38005bd2897","yuchi","2026-09-30T05:44:17.099Z","#W2040365","paypal_5541158","VALID_DESTINATION","customer_request; orders[1].order_id (#W2040365); orders[1].payment_history[0].payment_method_id (#W2040365); user_profile.payment_methods.paypal_5541158.source","no","请求直接给出订单 #W2040365 和目的地 paypal_5541158，两者都在当前条目中可见，无指代歧义。#W2040365 的支付记录（规则说明显示即完整）只有一笔 payment，原支付方式为 paypal_5541158。目的地就是目标订单的原支付方式，符合规则。"
"r_f3d1ed528920","yuchi","2026-09-30T05:44:17.263Z","#W6975922","paypal_3999493","VALID_DESTINATION","customer_request; orders[1].order_id (#W6975922); orders[1].payment_history[0].payment_method_id (#W6975922); user_profile.payment_methods.paypal_3999493.source","no","请求直接给出订单 #W6975922 和目的地 paypal_3999493，两者都在当前条目中可见，无指代歧义。#W6975922 的支付记录（规则说明显示即完整）只有一笔 payment，原支付方式为 paypal_3999493。目的地就是目标订单的原支付方式，符合规则。"
"r_f935fa517d8f","yuchi","2026-09-30T05:44:17.412Z","#W7990410","credit_card_9557278","INVALID_DESTINATION","customer_request; orders[0].order_id (#W7990410); orders[0].payment_history[0].payment_method_id (#W7990410); user_profile.payment_methods.credit_card_9557278.source; orders[1].payment_history[0].payment_method_id (#W4556683)","no","请求直接给出订单 #W7990410 和目的地 credit_card_9557278，两者都在当前条目中可见，无指代歧义。#W7990410 的支付记录（规则说明显示即完整）只有一笔 payment，原支付方式为 paypal_7685859。credit_card_9557278 是该用户名下的另一支付方式（信用卡），既不是目标订单的原支付方式，也不是 gift card；同一用户的其他支付方式不足以满足规则，因此不符合。（credit_card_9557278 是另一可见订单 #W4556683 的支付方式，但与目标订单无关。）"
"r_f98d899f1484","yuchi","2026-09-30T05:44:17.511Z","#W6851636","paypal_5541158","VALID_DESTINATION","customer_request; orders[0].items[0].name (#W6851636); orders[0].order_id (#W6851636); orders[0].payment_history[0].payment_method_id (#W6851636); user_profile.payment_methods.paypal_5541158.source","no","请求按商品指代订单；按规则只依据可见记录：唯一可见订单 #W6851636 含 Running Shoes，据此确定目标订单。目的地直接给出 paypal_5541158，在 payment_methods 中存在。#W6851636 的支付记录（规则说明显示即完整）只有一笔 payment，原支付方式为 paypal_5541158。目的地就是目标订单的原支付方式，符合规则。"
"r_fc073d2a4737","yuchi","2026-09-30T05:44:17.612Z","#W6116680","paypal_3999493","VALID_DESTINATION","customer_request; orders[0].order_id (#W6116680); orders[0].payment_history[0].payment_method_id (#W6116680); user_profile.payment_methods.paypal_3999493.source","no","请求直接给出订单 #W6116680 和目的地 paypal_3999493，两者都在当前条目中可见，无指代歧义。#W6116680 的支付记录（规则说明显示即完整）只有一笔 payment，原支付方式为 paypal_3999493。目的地就是目标订单的原支付方式，符合规则。"