review_id,label,reason,ambiguity,ambiguity_reason,reviewer,reviewed_at
R-21b0cdd2d51d,,,,,,
R-890d7b9d34bb,,,,,,
R-1b05173c7969,,,,,,
R-10771e3b00a5,,,,,,
R-289fd21b76b0,,,,,,
R-c72a74492932,,,,,,
R-a8fe14aba476,,,,,,
R-3e09113b1716,,,,,,
R-eb917720b99d,,,,,,
R-c0a7f3e25de3,,,,,,
R-a7cfcf68a7e8,,,,,,
R-9c0926dadfdc,,,,,,
R-d23911297bff,,,,,,
R-9731c2282866,,,,,,
R-b43837c13bee,,,,,,
R-09f13c321534,,,,,,
R-999441a49fc7,,,,,,
R-7e1ba1d16d2c,,,,,,
R-6be2addbcf28,,,,,,
R-b7189e7a8d81,,,,,,
R-74f780af756e,,,,,,
R-94b9b08ee942,,,,,,
R-8bbc07fbbbc8,,,,,,
R-5dce647cdddf,,,,,,
R-585b492889bc,,,,,,
R-5397a79a3aec,,,,,,
R-d960556b9e62,,,,,,
R-9f9a0c4f8295,,,,,,
R-cecc8d4cb5f6,,,,,,
R-da39896d2634,,,,,,
R-d80f92ac05e3,,,,,,
R-a1f1b318c822,,,,,,
R-1ca2ad284c25,,,,,,
R-70f6bef506c5,,,,,,
R-49f8dd6de8f1,,,,,,
R-148d98488b6a,,,,,,
R-fb9fbc817a4f,,,,,,
R-d28ab396152e,,,,,,
R-8d285a6ba331,,,,,,
R-f89a579286ef,,,,,,
R-3ceef401de66,,,,,,
R-c31da91cb5d7,,,,,,
R-a4a36833572a,,,,,,
R-126a9d505e99,,,,,,
R-4ace931b52fc,,,,,,
R-7fff4520bae0,,,,,,
R-73c70161cb9d,,,,,,
R-b0b4a0e888f9,,,,,,
R-5b8762ad6244,,,,,,
R-1e75b8cd186e,,,,,,
R-3ae9acb8798c,,,,,,
R-34e1df33cadb,,,,,,
R-8a31e0cee54c,,,,,,
R-2da5b6865e33,,,,,,
R-a740e790315f,,,,,,
R-b91036aa40f0,,,,,,
R-6970b266755d,,,,,,
R-90710ec54afc,,,,,,
R-f07b91f74aa8,,,,,,
R-7acbdd84f1af,,,,,,
R-efba7e0d379f,,,,,,
R-5a26299b8e84,,,,,,
R-f07d2ddd6ff8,,,,,,
R-2626571f84d0,,,,,,
R-dda55f35ddb6,,,,,,
R-1bd06f3c94a3,,,,,,
R-f35b2ccb498e,,,,,,
R-26a9a5253161,,,,,,
R-9255e87b488f,,,,,,
R-98263fd80706,,,,,,
R-633f8127d6fc,,,,,,
R-7a05c621875e,,,,,,
R-ae32b5edb9d2,,,,,,
R-28941c9fad5e,,,,,,
R-eac5994818e7,,,,,,
R-c894d96bdf11,,,,,,
R-8f49f6fd120a,,,,,,
R-7b985b21da35,,,,,,
R-b9bf0941a745,,,,,,
R-e34e8482c85c,,,,,,
R-84fe45259480,,,,,,
R-b2334a16cca3,,,,,,
R-c327ac39b5f9,,,,,,
R-8bd3c04a6cb9,,,,,,
R-79f9ab1d3348,,,,,,
R-5d6d8c215b63,,,,,,
R-246aa28370a4,,,,,,
R-6ad2f4994ec0,,,,,,
R-0842c2dc5da5,,,,,,
R-b995d5babac1,,,,,,
R-cdfc8191a748,,,,,,
R-d59ba49cc4d8,,,,,,
R-a0d8d60abba1,,,,,,
R-26bd59a747b2,,,,,,
R-0684008fa65e,,,,,,
R-060dd1d509a7,,,,,,
R-65162fd9a673,,,,,,
R-a9cb3e647f2a,,,,,,
R-cf2d945ed60f,,,,,,
R-eb57109c4016,,,,,,
R-afbcbce54f5e,,,,,,
R-0066e4f8f819,,,,,,
R-f2fc5d3f0cc8,,,,,,
R-28421ba8c215,,,,,,
R-a7fb1b4de6a5,,,,,,
R-a9b3e18a357c,,,,,,
R-52b81112c15b,,,,,,
R-ee8723a4bc8a,,,,,,
R-915c49ab11f5,,,,,,
R-6e9d882f2281,,,,,,
R-57dfd0d95b41,,,,,,
R-47b838bda9b8,,,,,,
R-e7df54e54b69,,,,,,
R-d833974a836e,,,,,,
R-ccd2ff8c0d9c,,,,,,
R-25396c0ff82f,,,,,,
R-1c9f23bbdfd8,,,,,,
R-985d7146d148,,,,,,
R-c9420c42c025,,,,,,
R-72f28a0e733c,,,,,,
R-2c2e44fa1ee8,,,,,,
R-08566ef80348,,,,,,
R-c9a99cfae5db,,,,,,
R-7c33a212321f,,,,,,
R-55e18da4270f,,,,,,
R-34f57d67d844,,,,,,
R-b6567c217125,,,,,,
R-fb0a248e66be,,,,,,
R-95c3d50c4b4c,,,,,,
R-db2d99285586,,,,,,
R-e11352148509,,,,,,
R-7df2e073a686,,,,,,
R-82b6fb0d7f4e,,,,,,
R-ed7f17863b17,,,,,,
R-b4cbb7dc0a0b,,,,,,
R-3ab705da697f,,,,,,
R-7d3bbe5d97c3,,,,,,
R-22985c857ca8,,,,,,
R-4e4bc4ae09de,,,,,,
R-8df10c373cea,,,,,,
R-a8ece8e6d352,,,,,,
R-97d047efd2b4,,,,,,
R-6da53b98d670,,,,,,
R-3d5acbe212ec,,,,,,
R-b032a00137ab,,,,,,
R-db6187d25056,,,,,,
R-43f902162789,,,,,,
R-24e0423439c2,,,,,,
R-2a40324e554f,,,,,,
R-c90299f436b7,,,,,,
R-377e0a59659d,,,,,,
R-06bd295915a0,,,,,,
R-ee4c9d79161a,,,,,,
R-b21c58400f2e,,,,,,
R-00ed639cbbcb,,,,,,
R-072e8df5faee,,,,,,
R-12a1cfb73688,,,,,,
R-5f166f0310b5,,,,,,
R-4ac8a9324d76,,,,,,
R-01c2bce52274,,,,,,
R-eeb6d7b49961,,,,,,
R-f51c7bd932b2,,,,,,
R-5ef0f38ef151,,,,,,
R-7e3a1d3b4131,,,,,,
R-f97a6c7f83d2,,,,,,
R-a71caf89f5b6,,,,,,
R-eccb4745c753,,,,,,
R-e00a7842fc7e,,,,,,
R-8c144e46b658,,,,,,
R-d651d11e0ce8,,,,,,
R-b81f69a91edc,,,,,,
R-14341df024db,,,,,,
R-864193c205ae,,,,,,
R-fa3094475ee5,,,,,,
R-48db3748ae95,,,,,,
R-2af66d6f86a5,,,,,,
R-90e1d478cf3f,,,,,,
R-c0f0660fe714,,,,,,
R-78c864b2096b,,,,,,
R-d24e5b2438de,,,,,,
R-825c2e71e67e,,,,,,
R-688b40b99832,,,,,,
R-4b9e689ca778,,,,,,
R-6355fde6ece9,,,,,,
R-27896de75c0f,,,,,,
R-d0294b477ca9,,,,,,
R-d022b56d60aa,,,,,,
R-3bf07fb9ca3c,,,,,,
R-508fbfe6a49a,,,,,,
R-5430656d1fd0,,,,,,
R-e61c5be55dc9,,,,,,
R-804fbc27bc83,,,,,,
R-17f3e8c63eb6,,,,,,
R-f060ead6c361,,,,,,
R-21fc11935af4,,,,,,
R-c1b22cdf006e,,,,,,
R-193a252dca48,,,,,,
R-dd33f0c34ecd,,,,,,
R-af3a69ba8e5f,,,,,,
R-709cada9ac5d,,,,,,
R-86222b902cf8,,,,,,
R-96b2251277f6,,,,,,
R-b9813dfe30e6,,,,,,
R-6398d1ee8da8,,,,,,
R-79403ddf80c3,,,,,,
R-5b304b93f0a6,,,,,,
R-0abd4af66f4f,,,,,,
R-2947cab08d02,,,,,,
R-3c0092a4a902,,,,,,
R-5ef929af8e50,,,,,,
R-bc88cfc58e69,,,,,,
R-f801e2fe4cba,,,,,,
R-5a5596e0d4c5,,,,,,
R-be54172b339c,,,,,,
R-d1a8d370d9ea,,,,,,
R-ba0c224b0331,,,,,,
R-53bf44a7a548,,,,,,
R-19bdf4345e8b,,,,,,
R-30403c267ca4,,,,,,
R-f4b383922f5a,,,,,,
R-ee45c691b207,,,,,,
R-0f815df9b9e0,,,,,,
R-2691478abd82,,,,,,
R-0afdea5c990a,,,,,,
R-e4b62fca3178,,,,,,
R-aa2c61e8fbf8,,,,,,
R-631b69e947fd,,,,,,
R-d0a5a50d6b75,,,,,,
R-4615d71b15ad,,,,,,
R-bb86fdd88a0a,,,,,,
R-d5a3da4a7ba9,,,,,,
R-da5c47b00525,,,,,,
R-fcc91cdf878f,,,,,,
R-c0d463594032,,,,,,
R-a39e7365189d,,,,,,
R-e5df7be0acce,,,,,,
R-cff8889022ad,,,,,,
R-09dbe3c1d8da,,,,,,
R-ced186510ecc,,,,,,
R-922d692f074c,,,,,,
R-7ed582f0791e,,,,,,
R-1215e6c3d0f1,,,,,,
R-9488d81b0860,,,,,,
R-891bcd55046a,,,,,,
R-17fb4d8f1293,,,,,,
R-f7f2ddf4bd3a,,,,,,
R-7925ba8d7f38,,,,,,
R-7c0dda0f63fe,,,,,,
R-1bb38bace56b,,,,,,
R-9f37d747f157,,,,,,
R-f354c9558572,,,,,,
R-3d1ff26f2b25,,,,,,
R-647c404d4dd4,,,,,,
R-b27d647aa850,,,,,,
R-4f30945570f1,,,,,,
R-af80c8f54f20,,,,,,
R-bc2414fc020a,,,,,,
R-f27b01b6ecaf,,,,,,
R-4157dbcd26e8,,,,,,
R-9b75e2a33db8,,,,,,
R-bc0bc42bf72e,,,,,,
R-6d5588dc435c,,,,,,
R-8a89a6a50ae5,,,,,,
R-0e246285a840,,,,,,
R-e50f7cbd3ea4,,,,,,
R-00529e632296,,,,,,
R-b79eba7fa442,,,,,,
R-37825885cc52,,,,,,
R-a7eb8fc564e1,,,,,,
R-a76ce595db2d,,,,,,
R-39e485964233,,,,,,
R-6fd2f751ab7e,,,,,,
R-39e779d21aca,,,,,,
R-20063963a9f2,,,,,,
R-1325d5d20eff,,,,,,
R-70dc848d0f7b,,,,,,
R-47ffb5c65b3c,,,,,,
R-13ec8e85675b,,,,,,
R-339e7f9d57db,,,,,,
R-ca2dafcc9561,,,,,,
R-7ad7299ed80d,,,,,,
R-cff488b5a67b,,,,,,
R-b662252965ef,,,,,,
R-8d8a228d79b2,,,,,,
R-99a7b299f7bc,,,,,,
R-845d78485cee,,,,,,
R-cb56bc611001,,,,,,
R-6f396e2732ee,,,,,,
