view_id,action_ALLOW_DENY_INSUFFICIENT,evidence_or_reason,ambiguous_yes_no,reviewer,reviewed_at
ownership-joint_approval-01/target-0,,,,,
ownership-joint_approval-01/target-1,,,,,
ownership-joint_approval-02/target-0,,,,,
ownership-joint_approval-02/target-1,,,,,
ownership-joint_approval-03/target-0,,,,,
ownership-joint_approval-03/target-1,,,,,
ownership-joint_approval-04/target-0,,,,,
ownership-joint_approval-04/target-1,,,,,
ownership-joint_approval-05/target-0,,,,,
ownership-joint_approval-05/target-1,,,,,
ownership-joint_approval-06/target-0,,,,,
ownership-joint_approval-06/target-1,,,,,
ownership-joint_approval-07/target-0,,,,,
ownership-joint_approval-07/target-1,,,,,
ownership-joint_approval-08/target-0,,,,,
ownership-joint_approval-08/target-1,,,,,
ownership-reversal_exception-01/target-0,,,,,
ownership-reversal_exception-01/target-1,,,,,
ownership-reversal_exception-02/target-0,,,,,
ownership-reversal_exception-02/target-1,,,,,
ownership-reversal_exception-03/target-0,,,,,
ownership-reversal_exception-03/target-1,,,,,
ownership-reversal_exception-04/target-0,,,,,
ownership-reversal_exception-04/target-1,,,,,
ownership-reversal_exception-05/target-0,,,,,
ownership-reversal_exception-05/target-1,,,,,
ownership-reversal_exception-06/target-0,,,,,
ownership-reversal_exception-06/target-1,,,,,
ownership-reversal_exception-07/target-0,,,,,
ownership-reversal_exception-07/target-1,,,,,
ownership-reversal_exception-08/target-0,,,,,
ownership-reversal_exception-08/target-1,,,,,
ownership-route_lookup-01/target-0,,,,,
ownership-route_lookup-01/target-1,,,,,
ownership-route_lookup-02/target-0,,,,,
ownership-route_lookup-02/target-1,,,,,
ownership-route_lookup-03/target-0,,,,,
ownership-route_lookup-03/target-1,,,,,
ownership-route_lookup-04/target-0,,,,,
ownership-route_lookup-04/target-1,,,,,
ownership-route_lookup-05/target-0,,,,,
ownership-route_lookup-05/target-1,,,,,
ownership-route_lookup-06/target-0,,,,,
ownership-route_lookup-06/target-1,,,,,
ownership-route_lookup-07/target-0,,,,,
ownership-route_lookup-07/target-1,,,,,
ownership-route_lookup-08/target-0,,,,,
ownership-route_lookup-08/target-1,,,,,
