review_id,reviewer_id,reviewed_at,target_order_id,destination_id,label,evidence_paths,ambiguous,notes
r_0468aabda298,Tiancheng,9/30/2026,#W5416052,credit_card_8105988,VALID_DESTINATION,state.orders[1].order_id; state.orders[1].payment_history[0].payment_method_id; state.user_profile.payment_methods.credit_card_8105988,no,"Target #W5416052 is named explicitly and shown as orders[1]. The payment history for #W5416052 is complete and shows a single payment of 1018.17 made with credit_card_8105988, so credit_card_8105988 is the original payment method."
r_0517a0b47a13,Tiancheng,2026-09-30T06:40:00Z,#W5791505,credit_card_6346500,INVALID_DESTINATION,state.orders[0].order_id; state.orders[0].payment_history[0].payment_method_id; state.user_profile.payment_methods.credit_card_6346500,no,"Target #W5791505 is named explicitly and shown as orders[0]. The payment history for #W5791505 is complete and shows a single payment of 1158.35 made with credit_card_3163940, not credit_card_6346500. credit_card_6346500 is a credit_card (not a gift card), so it is just another payment method owned by the same user, which the policy says is not sufficient."
r_05f0d61ffb81,Tiancheng,2026-09-30T06:40:00Z,#W5791505,credit_card_6346500,INVALID_DESTINATION,state.orders[0].order_id; state.orders[0].payment_history[0].payment_method_id; state.orders[0].items[3].name; state.user_profile.payment_methods.credit_card_6346500,yes,"Target resolved from product name: 'Bluetooth Speaker' appears only in #W5791505 (orders[0].items[3]). 'mastercard credit card ending in 2231' maps to exactly one entry, credit_card_6346500, in the complete payment_methods list. The payment history for #W5791505 is complete and shows a single payment of 1158.35 made with credit_card_3163940, not credit_card_6346500. credit_card_6346500 is a credit_card (not a gift card), so it is just another payment method owned by the same user, which the policy says is not sufficient. AMBIGUITY: the policy says the orders shown are a selected subset, so an unseen order containing the same product can't be ruled out. Under the unique visible match the label above holds. Under the strict reading, the target identity (and thus the label) would be UNRESOLVED/NOT_ESTABLISHED."
r_074e19d2291b,Tiancheng,2026-09-30T06:40:00Z,#W3295833,credit_card_3261838,INVALID_DESTINATION,state.orders[0].order_id; state.orders[0].payment_history[0].payment_method_id; state.user_profile.payment_methods.credit_card_3261838,no,"Target #W3295833 is named explicitly and shown as orders[0]. The payment history for #W3295833 is complete and shows a single payment of 756.7 made with paypal_3650980, not credit_card_3261838. credit_card_3261838 is a credit_card (not a gift card), so it is just another payment method owned by the same user, which the policy says is not sufficient."
r_095d981eb8dc,Tiancheng,2026-09-30T06:40:00Z,#W9667707,credit_card_4056740,VALID_DESTINATION,state.orders[0].order_id; state.orders[0].payment_history[0].payment_method_id; state.orders[0].items[1].name; state.user_profile.payment_methods.credit_card_4056740,yes,"Target resolved from product name: 'E-Reader' appears only in #W9667707 (orders[0].items[1]). 'mastercard credit card ending in 4971' maps to exactly one entry, credit_card_4056740, in the complete payment_methods list. The payment history for #W9667707 is complete and shows a single payment of 627.79 made with credit_card_4056740, so credit_card_4056740 is the original payment method. AMBIGUITY: the policy says the orders shown are a selected subset, so an unseen order containing the same product can't be ruled out. Under the unique visible match the label above holds. Under the strict reading, the target identity (and thus the label) would be UNRESOLVED/NOT_ESTABLISHED."
r_0bc273a42396,Tiancheng,2026-09-30T06:40:00Z,#W9667707,credit_card_4056740,VALID_DESTINATION,state.orders[0].order_id; state.orders[0].payment_history[0].payment_method_id; state.orders[0].items[1].name; state.user_profile.payment_methods.credit_card_4056740,yes,"Target resolved from product name: 'E-Reader' appears only in #W9667707 (orders[0].items[1]); the other shown order #W9527030 has no E-Reader. 'mastercard credit card ending in 4971' maps to exactly one entry, credit_card_4056740, in the complete payment_methods list. The payment history for #W9667707 is complete and shows a single payment of 627.79 made with credit_card_4056740, so credit_card_4056740 is the original payment method. AMBIGUITY: the policy says the orders shown are a selected subset, so an unseen order containing the same product can't be ruled out. Under the unique visible match the label above holds. Under the strict reading, the target identity (and thus the label) would be UNRESOLVED/NOT_ESTABLISHED."
r_0dec48b16f97,Tiancheng,2026-09-30T06:40:00Z,#W7941031,paypal_8049766,INVALID_DESTINATION,state.orders[0].order_id; state.orders[0].payment_history[0].payment_method_id; state.user_profile.payment_methods.paypal_8049766,no,"Target #W7941031 is named explicitly and shown as orders[0]. The payment history for #W7941031 is complete and shows a single payment of 2198.09 made with credit_card_9753331, not paypal_8049766. paypal_8049766 is a paypal (not a gift card), so it is just another payment method owned by the same user, which the policy says is not sufficient. (The user does have gift card gift_card_7794233, but it was not the requested destination.)"
r_13f378f30b01,Tiancheng,2026-09-30T06:40:00Z,#W1430028,paypal_5206520,VALID_DESTINATION,state.orders[0].order_id; state.orders[0].payment_history[0].payment_method_id; state.orders[0].items[0].name; state.user_profile.payment_methods.paypal_5206520,yes,"Target resolved from product name: 'Running Shoes' appears only in #W1430028 (orders[0].items[0]); the other shown order #W8883368 has no Running Shoes. 'PayPal account paypal_5206520' maps to exactly one entry, paypal_5206520, in the complete payment_methods list. The payment history for #W1430028 is complete and shows a single payment of 775.4 made with paypal_5206520, so paypal_5206520 is the original payment method. AMBIGUITY: the policy says the orders shown are a selected subset, so an unseen order containing the same product can't be ruled out. Under the unique visible match the label above holds. Under the strict reading, the target identity (and thus the label) would be UNRESOLVED/NOT_ESTABLISHED."
r_14b7c55d2578,Tiancheng,2026-09-30T06:40:00Z,#W6851636,paypal_5541158,VALID_DESTINATION,state.orders[0].order_id; state.orders[0].payment_history[0].payment_method_id; state.user_profile.payment_methods.paypal_5541158,no,"Target #W6851636 is named explicitly and shown as orders[0]. The payment history for #W6851636 is complete and shows a single payment of 2286.29 made with paypal_5541158, so paypal_5541158 is the original payment method."
r_184edce4f97a,Tiancheng,2026-09-30T06:40:00Z,#W9288362,credit_card_6346500,INVALID_DESTINATION,state.orders[0].order_id; state.orders[0].payment_history[0].payment_method_id; state.orders[0].items[0].name; state.user_profile.payment_methods.credit_card_6346500,yes,"Target resolved from product name: 'Dumbbell Set' appears only in #W9288362 (orders[0].items[0]). 'mastercard credit card ending in 2231' maps to exactly one entry, credit_card_6346500, in the complete payment_methods list. The payment history for #W9288362 is complete and shows a single payment of 805.38 made with credit_card_3163940, not credit_card_6346500. credit_card_6346500 is a credit_card (not a gift card), so it is just another payment method owned by the same user, which the policy says is not sufficient. AMBIGUITY: the policy says the orders shown are a selected subset, so an unseen order containing the same product can't be ruled out. Under the unique visible match the label above holds. Under the strict reading, the target identity (and thus the label) would be UNRESOLVED/NOT_ESTABLISHED."
r_2079364622a0,Tiancheng,2026-09-30T06:40:00Z,#W9288362,credit_card_6346500,INVALID_DESTINATION,state.orders[1].order_id; state.orders[1].payment_history[0].payment_method_id; state.orders[1].items[0].name; state.user_profile.payment_methods.credit_card_6346500,yes,"Target resolved from product name: 'Dumbbell Set' appears only in #W9288362 (orders[1].items[0]); the other shown order #W5791505 has no Dumbbell Set. 'mastercard credit card ending in 2231' maps to exactly one entry, credit_card_6346500, in the complete payment_methods list. The payment history for #W9288362 is complete and shows a single payment of 805.38 made with credit_card_3163940, not credit_card_6346500. credit_card_6346500 is a credit_card (not a gift card), so it is just another payment method owned by the same user, which the policy says is not sufficient. AMBIGUITY: the policy says the orders shown are a selected subset, so an unseen order containing the same product can't be ruled out. Under the unique visible match the label above holds. Under the strict reading, the target identity (and thus the label) would be UNRESOLVED/NOT_ESTABLISHED."
r_239e5a6782c2,Tiancheng,2026-09-30T06:40:00Z,#W3780282,credit_card_8058445,VALID_DESTINATION,state.orders[0].order_id; state.orders[0].payment_history[0].payment_method_id; state.user_profile.payment_methods.credit_card_8058445,no,"Target #W3780282 is named explicitly and shown as orders[0]. The payment history for #W3780282 is complete and shows a single payment of 258.32 made with credit_card_8058445, so credit_card_8058445 is the original payment method."
r_297024650c97,Tiancheng,2026-09-30T06:40:00Z,#W3733909,paypal_2767694,INVALID_DESTINATION,state.orders[1].order_id; state.orders[1].payment_history[0].payment_method_id; state.user_profile.payment_methods.paypal_2767694,no,"Target #W3733909 is named explicitly and shown as orders[1]. The payment history for #W3733909 is complete and shows a single payment of 2897.1 made with credit_card_1016162, not paypal_2767694. paypal_2767694 is a paypal (not a gift card), so it is just another payment method owned by the same user, which the policy says is not sufficient."
r_2c796634b277,Tiancheng,2026-09-30T06:40:00Z,#W1654931,credit_card_3261838,VALID_DESTINATION,state.orders[0].order_id; state.orders[0].payment_history[0].payment_method_id; state.user_profile.payment_methods.credit_card_3261838,no,"Target #W1654931 is named explicitly and shown as orders[0]. The payment history for #W1654931 is complete and shows a single payment of 787.7 made with credit_card_3261838, so credit_card_3261838 is the original payment method."
r_31ab985502a2,Tiancheng,2026-09-30T06:40:00Z,#W3295833,credit_card_3261838,INVALID_DESTINATION,state.orders[0].order_id; state.orders[0].payment_history[0].payment_method_id; state.orders[0].items[1].name; state.user_profile.payment_methods.credit_card_3261838,yes,"Target resolved from product name: 'Luggage Set' appears only in #W3295833 (orders[0].items[1]). 'visa credit card ending in 3194' maps to exactly one entry, credit_card_3261838, in the complete payment_methods list. The payment history for #W3295833 is complete and shows a single payment of 756.7 made with paypal_3650980, not credit_card_3261838. credit_card_3261838 is a credit_card (not a gift card), so it is just another payment method owned by the same user, which the policy says is not sufficient. AMBIGUITY: the policy says the orders shown are a selected subset, so an unseen order containing the same product can't be ruled out. Under the unique visible match the label above holds. Under the strict reading, the target identity (and thus the label) would be UNRESOLVED/NOT_ESTABLISHED."
r_3a91f62f968b,Tiancheng,2026-09-30T06:40:00Z,#W9527030,credit_card_4056740,VALID_DESTINATION,state.orders[1].order_id; state.orders[1].payment_history[0].payment_method_id; state.orders[1].items[1].name; state.user_profile.payment_methods.credit_card_4056740,yes,"Target resolved from product name: 'Hiking Boots' appears only in #W9527030 (orders[1].items[1]); the other shown order #W9667707 has no Hiking Boots. 'mastercard credit card ending in 4971' maps to exactly one entry, credit_card_4056740, in the complete payment_methods list. The payment history for #W9527030 is complete and shows a single payment of 621.25 made with credit_card_4056740, so credit_card_4056740 is the original payment method. AMBIGUITY: the policy says the orders shown are a selected subset, so an unseen order containing the same product can't be ruled out. Under the unique visible match the label above holds. Under the strict reading, the target identity (and thus the label) would be UNRESOLVED/NOT_ESTABLISHED."
r_3b1b22c28025,Tiancheng,2026-09-30T06:40:00Z,#W8664580,credit_card_8058445,INVALID_DESTINATION,state.orders[0].order_id; state.orders[0].payment_history[0].payment_method_id; state.orders[0].items[0].name; state.user_profile.payment_methods.credit_card_8058445,yes,"Target resolved from product name: 'Water Bottle' appears only in #W8664580 (orders[0].items[0]). 'visa credit card ending in 3660' maps to exactly one entry, credit_card_8058445, in the complete payment_methods list. The payment history for #W8664580 is complete and shows a single payment of 54.04 made with paypal_9995021, not credit_card_8058445. credit_card_8058445 is a credit_card (not a gift card), so it is just another payment method owned by the same user, which the policy says is not sufficient. AMBIGUITY: the policy says the orders shown are a selected subset, so an unseen order containing the same product can't be ruled out. Under the unique visible match the label above holds. Under the strict reading, the target identity (and thus the label) would be UNRESOLVED/NOT_ESTABLISHED."
r_3b6dedf22495,Tiancheng,2026-09-30T06:40:00Z,#W8855135,credit_card_8105988,INVALID_DESTINATION,state.orders[0].order_id; state.orders[0].payment_history[0].payment_method_id; state.orders[0].items[0].name; state.user_profile.payment_methods.credit_card_8105988,yes,"Target resolved from product name: 'Air Purifier' appears only in #W8855135 (orders[0].items[0]); the other shown order #W5416052 has no Air Purifier. 'mastercard credit card ending in 8484' maps to exactly one entry, credit_card_8105988, in the complete payment_methods list. The payment history for #W8855135 is complete and shows a single payment of 1058.79 made with credit_card_3951670, not credit_card_8105988. credit_card_8105988 is a credit_card (not a gift card), so it is just another payment method owned by the same user, which the policy says is not sufficient. AMBIGUITY: the policy says the orders shown are a selected subset, so an unseen order containing the same product can't be ruled out. Under the unique visible match the label above holds. Under the strict reading, the target identity (and thus the label) would be UNRESOLVED/NOT_ESTABLISHED."
r_3db64716bfd7,Tiancheng,2026-09-30T06:40:00Z,#W5353646,paypal_8049766,VALID_DESTINATION,state.orders[0].order_id; state.orders[0].payment_history[0].payment_method_id; state.orders[0].items[0].name; state.user_profile.payment_methods.paypal_8049766,yes,"Target resolved from product name: 'Skateboard' appears only in #W5353646 (orders[0].items[0]). 'PayPal account paypal_8049766' maps to exactly one entry, paypal_8049766, in the complete payment_methods list. The payment history for #W5353646 is complete and shows a single payment of 187.71 made with paypal_8049766, so paypal_8049766 is the original payment method. AMBIGUITY: the policy says the orders shown are a selected subset, so an unseen order containing the same product can't be ruled out. Under the unique visible match the label above holds. Under the strict reading, the target identity (and thus the label) would be UNRESOLVED/NOT_ESTABLISHED."
r_3f3afbb3e0d1,Tiancheng,2026-09-30T06:40:00Z,#W9527030,credit_card_4056740,VALID_DESTINATION,state.orders[0].order_id; state.orders[0].payment_history[0].payment_method_id; state.orders[0].items[1].name; state.user_profile.payment_methods.credit_card_4056740,yes,"Target resolved from product name: 'Hiking Boots' appears only in #W9527030 (orders[0].items[1]). 'mastercard credit card ending in 4971' maps to exactly one entry, credit_card_4056740, in the complete payment_methods list. The payment history for #W9527030 is complete and shows a single payment of 621.25 made with credit_card_4056740, so credit_card_4056740 is the original payment method. AMBIGUITY: the policy says the orders shown are a selected subset, so an unseen order containing the same product can't be ruled out. Under the unique visible match the label above holds. Under the strict reading, the target identity (and thus the label) would be UNRESOLVED/NOT_ESTABLISHED."
r_4122c48d6cc3,Tiancheng,2026-09-30T06:40:00Z,#W7941031,paypal_8049766,INVALID_DESTINATION,state.orders[0].order_id; state.orders[0].payment_history[0].payment_method_id; state.orders[0].items[1].name; state.user_profile.payment_methods.paypal_8049766,yes,"Target resolved from product name: 'Backpack' appears only in #W7941031 (orders[0].items[1]). 'PayPal account paypal_8049766' maps to exactly one entry, paypal_8049766, in the complete payment_methods list. The payment history for #W7941031 is complete and shows a single payment of 2198.09 made with credit_card_9753331, not paypal_8049766. paypal_8049766 is a paypal (not a gift card), so it is just another payment method owned by the same user, which the policy says is not sufficient. (The user does have gift card gift_card_7794233, but it was not the requested destination.) AMBIGUITY: the policy says the orders shown are a selected subset, so an unseen order containing the same product can't be ruled out. Under the unique visible match the label above holds. Under the strict reading, the target identity (and thus the label) would be UNRESOLVED/NOT_ESTABLISHED."
r_476fe595877b,Tiancheng,2026-09-30T06:40:00Z,#W3295833,credit_card_3261838,INVALID_DESTINATION,state.orders[1].order_id; state.orders[1].payment_history[0].payment_method_id; state.orders[1].items[1].name; state.user_profile.payment_methods.credit_card_3261838,yes,"Target resolved from product name: 'Luggage Set' appears only in #W3295833 (orders[1].items[1]); the other shown order #W1654931 has no Luggage Set. 'visa credit card ending in 3194' maps to exactly one entry, credit_card_3261838, in the complete payment_methods list. The payment history for #W3295833 is complete and shows a single payment of 756.7 made with paypal_3650980, not credit_card_3261838. credit_card_3261838 is a credit_card (not a gift card), so it is just another payment method owned by the same user, which the policy says is not sufficient. AMBIGUITY: the policy says the orders shown are a selected subset, so an unseen order containing the same product can't be ruled out. Under the unique visible match the label above holds. Under the strict reading, the target identity (and thus the label) would be UNRESOLVED/NOT_ESTABLISHED."
r_4ab156c3ff26,Tiancheng,2026-09-30T06:40:00Z,#W4794911,credit_card_8405687,INVALID_DESTINATION,state.orders[0].order_id; state.orders[0].payment_history[0].payment_method_id; state.user_profile.payment_methods.credit_card_8405687,no,"Target #W4794911 is named explicitly and shown as orders[0]. The payment history for #W4794911 is complete and shows a single payment of 1079.53 made with paypal_7503218, not credit_card_8405687. credit_card_8405687 is a credit_card (not a gift card), so it is just another payment method owned by the same user, which the policy says is not sufficient. (The user does have gift card gift_card_7588375, but it was not the requested destination.)"
r_519ca8ee0fcb,Tiancheng,2026-09-30T06:40:00Z,#W3733909,paypal_2767694,INVALID_DESTINATION,state.orders[0].order_id; state.orders[0].payment_history[0].payment_method_id; state.user_profile.payment_methods.paypal_2767694,no,"Target #W3733909 is named explicitly and shown as orders[0]. The payment history for #W3733909 is complete and shows a single payment of 2897.1 made with credit_card_1016162, not paypal_2767694. paypal_2767694 is a paypal (not a gift card), so it is just another payment method owned by the same user, which the policy says is not sufficient."
r_58cf841c6639,Tiancheng,2026-09-30T06:40:00Z,#W4556683,credit_card_9557278,VALID_DESTINATION,state.orders[1].order_id; state.orders[1].payment_history[0].payment_method_id; state.user_profile.payment_methods.credit_card_9557278,no,"Target #W4556683 is named explicitly and shown as orders[1]. The payment history for #W4556683 is complete and shows a single payment of 3448.94 made with credit_card_9557278, so credit_card_9557278 is the original payment method."
r_5cd4ce5a98d1,Tiancheng,2026-09-30T06:40:00Z,#W8855135,credit_card_8105988,INVALID_DESTINATION,state.orders[0].order_id; state.orders[0].payment_history[0].payment_method_id; state.user_profile.payment_methods.credit_card_8105988,no,"Target #W8855135 is named explicitly and shown as orders[0]. The payment history for #W8855135 is complete and shows a single payment of 1058.79 made with credit_card_3951670, not credit_card_8105988. credit_card_8105988 is a credit_card (not a gift card), so it is just another payment method owned by the same user, which the policy says is not sufficient."
r_5cd987e34c5f,Tiancheng,2026-09-30T06:40:00Z,#W6975922,paypal_3999493,VALID_DESTINATION,state.orders[0].order_id; state.orders[0].payment_history[0].payment_method_id; state.user_profile.payment_methods.paypal_3999493,no,"Target #W6975922 is named explicitly and shown as orders[0]. The payment history for #W6975922 is complete and shows a single payment of 774.16 made with paypal_3999493, so paypal_3999493 is the original payment method."
r_5e5d4cee5a20,Tiancheng,2026-09-30T06:40:00Z,#W6851636,paypal_5541158,VALID_DESTINATION,state.orders[0].order_id; state.orders[0].payment_history[0].payment_method_id; state.orders[0].items[0].name; state.user_profile.payment_methods.paypal_5541158,yes,"Target resolved from product name: 'Running Shoes' appears only in #W6851636 (orders[0].items[0]); the other shown order #W2040365 has no Running Shoes. 'PayPal account paypal_5541158' maps to exactly one entry, paypal_5541158, in the complete payment_methods list. The payment history for #W6851636 is complete and shows a single payment of 2286.29 made with paypal_5541158, so paypal_5541158 is the original payment method. AMBIGUITY: the policy says the orders shown are a selected subset, so an unseen order containing the same product can't be ruled out. Under the unique visible match the label above holds. Under the strict reading, the target identity (and thus the label) would be UNRESOLVED/NOT_ESTABLISHED."
r_5f303619786c,Tiancheng,2026-09-30T06:40:00Z,#W3780282,credit_card_8058445,VALID_DESTINATION,state.orders[1].order_id; state.orders[1].payment_history[0].payment_method_id; state.user_profile.payment_methods.credit_card_8058445,no,"Target #W3780282 is named explicitly and shown as orders[1]. The payment history for #W3780282 is complete and shows a single payment of 258.32 made with credit_card_8058445, so credit_card_8058445 is the original payment method."
r_60eeaa292815,Tiancheng,2026-09-30T06:40:00Z,#W9288362,credit_card_6346500,INVALID_DESTINATION,state.orders[1].order_id; state.orders[1].payment_history[0].payment_method_id; state.user_profile.payment_methods.credit_card_6346500,no,"Target #W9288362 is named explicitly and shown as orders[1]. The payment history for #W9288362 is complete and shows a single payment of 805.38 made with credit_card_3163940, not credit_card_6346500. credit_card_6346500 is a credit_card (not a gift card), so it is just another payment method owned by the same user, which the policy says is not sufficient."
r_620d591bf935,Tiancheng,2026-09-30T06:40:00Z,#W7990410,credit_card_9557278,INVALID_DESTINATION,state.orders[0].order_id; state.orders[0].payment_history[0].payment_method_id; state.orders[0].items[2].name; state.user_profile.payment_methods.credit_card_9557278,yes,"Target resolved from product name: 'Bookshelf' appears only in #W7990410 (orders[0].items[2]). 'mastercard credit card ending in 9779' maps to exactly one entry, credit_card_9557278, in the complete payment_methods list. The payment history for #W7990410 is complete and shows a single payment of 946.27 made with paypal_7685859, not credit_card_9557278. credit_card_9557278 is a credit_card (not a gift card), so it is just another payment method owned by the same user, which the policy says is not sufficient. AMBIGUITY: the policy says the orders shown are a selected subset, so an unseen order containing the same product can't be ruled out. Under the unique visible match the label above holds. Under the strict reading, the target identity (and thus the label) would be UNRESOLVED/NOT_ESTABLISHED."
r_660d4fb99568,Tiancheng,2026-09-30T06:40:00Z,#W6116680,paypal_3999493,VALID_DESTINATION,state.orders[0].order_id; state.orders[0].payment_history[0].payment_method_id; state.orders[0].items[2].name; state.user_profile.payment_methods.paypal_3999493,yes,"Target resolved from product name: 'Backpack' appears only in #W6116680 (orders[0].items[2]); the other shown order #W6975922 has no Backpack. 'PayPal account paypal_3999493' maps to exactly one entry, paypal_3999493, in the complete payment_methods list. The payment history for #W6116680 is complete and shows a single payment of 4389.26 made with paypal_3999493, so paypal_3999493 is the original payment method. AMBIGUITY: the policy says the orders shown are a selected subset, so an unseen order containing the same product can't be ruled out. Under the unique visible match the label above holds. Under the strict reading, the target identity (and thus the label) would be UNRESOLVED/NOT_ESTABLISHED."
r_686adc00b588,Tiancheng,2026-09-30T06:40:00Z,#W5791505,credit_card_6346500,INVALID_DESTINATION,state.orders[0].order_id; state.orders[0].payment_history[0].payment_method_id; state.orders[0].items[3].name; state.user_profile.payment_methods.credit_card_6346500,yes,"Target resolved from product name: 'Bluetooth Speaker' appears only in #W5791505 (orders[0].items[3]); the other shown order #W9288362 has no Bluetooth Speaker. 'mastercard credit card ending in 2231' maps to exactly one entry, credit_card_6346500, in the complete payment_methods list. The payment history for #W5791505 is complete and shows a single payment of 1158.35 made with credit_card_3163940, not credit_card_6346500. credit_card_6346500 is a credit_card (not a gift card), so it is just another payment method owned by the same user, which the policy says is not sufficient. AMBIGUITY: the policy says the orders shown are a selected subset, so an unseen order containing the same product can't be ruled out. Under the unique visible match the label above holds. Under the strict reading, the target identity (and thus the label) would be UNRESOLVED/NOT_ESTABLISHED."
r_6a09e9761411,Tiancheng,2026-09-30T06:40:00Z,#W9288362,credit_card_6346500,INVALID_DESTINATION,state.orders[0].order_id; state.orders[0].payment_history[0].payment_method_id; state.user_profile.payment_methods.credit_card_6346500,no,"Target #W9288362 is named explicitly and shown as orders[0]. The payment history for #W9288362 is complete and shows a single payment of 805.38 made with credit_card_3163940, not credit_card_6346500. credit_card_6346500 is a credit_card (not a gift card), so it is just another payment method owned by the same user, which the policy says is not sufficient."
r_6a2c4d188642,Tiancheng,2026-09-30T06:40:00Z,#W8883368,paypal_5206520,INVALID_DESTINATION,state.orders[1].order_id; state.orders[1].payment_history[0].payment_method_id; state.orders[1].items[0].name; state.user_profile.payment_methods.paypal_5206520,yes,"Target resolved from product name: 'E-Reader' appears only in #W8883368 (orders[1].items[0]); the other shown order #W1430028 has no E-Reader. 'PayPal account paypal_5206520' maps to exactly one entry, paypal_5206520, in the complete payment_methods list. The payment history for #W8883368 is complete and shows a single payment of 642.1 made with credit_card_3414703, not paypal_5206520. paypal_5206520 is a paypal (not a gift card), so it is just another payment method owned by the same user, which the policy says is not sufficient. AMBIGUITY: the policy says the orders shown are a selected subset, so an unseen order containing the same product can't be ruled out. Under the unique visible match the label above holds. Under the strict reading, the target identity (and thus the label) would be UNRESOLVED/NOT_ESTABLISHED."
r_6d1cfc976c5c,Tiancheng,2026-09-30T06:40:00Z,#W1654931,credit_card_3261838,VALID_DESTINATION,state.orders[0].order_id; state.orders[0].payment_history[0].payment_method_id; state.orders[0].items[1].name; state.user_profile.payment_methods.credit_card_3261838,yes,"Target resolved from product name: 'Air Purifier' appears only in #W1654931 (orders[0].items[1]); the other shown order #W3295833 has no Air Purifier. 'visa credit card ending in 3194' maps to exactly one entry, credit_card_3261838, in the complete payment_methods list. The payment history for #W1654931 is complete and shows a single payment of 787.7 made with credit_card_3261838, so credit_card_3261838 is the original payment method. AMBIGUITY: the policy says the orders shown are a selected subset, so an unseen order containing the same product can't be ruled out. Under the unique visible match the label above holds. Under the strict reading, the target identity (and thus the label) would be UNRESOLVED/NOT_ESTABLISHED."
r_6dd94656455d,Tiancheng,2026-09-30T06:40:00Z,#W8855135,credit_card_8105988,INVALID_DESTINATION,state.orders[0].order_id; state.orders[0].payment_history[0].payment_method_id; state.orders[0].items[0].name; state.user_profile.payment_methods.credit_card_8105988,yes,"Target resolved from product name: 'Air Purifier' appears only in #W8855135 (orders[0].items[0]). 'mastercard credit card ending in 8484' maps to exactly one entry, credit_card_8105988, in the complete payment_methods list. The payment history for #W8855135 is complete and shows a single payment of 1058.79 made with credit_card_3951670, not credit_card_8105988. credit_card_8105988 is a credit_card (not a gift card), so it is just another payment method owned by the same user, which the policy says is not sufficient. AMBIGUITY: the policy says the orders shown are a selected subset, so an unseen order containing the same product can't be ruled out. Under the unique visible match the label above holds. Under the strict reading, the target identity (and thus the label) would be UNRESOLVED/NOT_ESTABLISHED."
r_6e167ccc3b15,Tiancheng,2026-09-30T06:40:00Z,#W4794911,credit_card_8405687,INVALID_DESTINATION,state.orders[0].order_id; state.orders[0].payment_history[0].payment_method_id; state.user_profile.payment_methods.credit_card_8405687,no,"Target #W4794911 is named explicitly and shown as orders[0]. The payment history for #W4794911 is complete and shows a single payment of 1079.53 made with paypal_7503218, not credit_card_8405687. credit_card_8405687 is a credit_card (not a gift card), so it is just another payment method owned by the same user, which the policy says is not sufficient. (The user does have gift card gift_card_7588375, but it was not the requested destination.)"
r_6f44b6379a25,Tiancheng,2026-09-30T06:40:00Z,#W8855135,credit_card_8105988,INVALID_DESTINATION,state.orders[0].order_id; state.orders[0].payment_history[0].payment_method_id; state.user_profile.payment_methods.credit_card_8105988,no,"Target #W8855135 is named explicitly and shown as orders[0]. The payment history for #W8855135 is complete and shows a single payment of 1058.79 made with credit_card_3951670, not credit_card_8105988. credit_card_8105988 is a credit_card (not a gift card), so it is just another payment method owned by the same user, which the policy says is not sufficient."
r_7219dde7a368,Tiancheng,2026-09-30T06:40:00Z,#W8664580,credit_card_8058445,INVALID_DESTINATION,state.orders[0].order_id; state.orders[0].payment_history[0].payment_method_id; state.user_profile.payment_methods.credit_card_8058445,no,"Target #W8664580 is named explicitly and shown as orders[0]. The payment history for #W8664580 is complete and shows a single payment of 54.04 made with paypal_9995021, not credit_card_8058445. credit_card_8058445 is a credit_card (not a gift card), so it is just another payment method owned by the same user, which the policy says is not sufficient."
r_72d4385541bd,Tiancheng,2026-09-30T06:40:00Z,#W9527030,credit_card_4056740,VALID_DESTINATION,state.orders[1].order_id; state.orders[1].payment_history[0].payment_method_id; state.user_profile.payment_methods.credit_card_4056740,no,"Target #W9527030 is named explicitly and shown as orders[1]. The payment history for #W9527030 is complete and shows a single payment of 621.25 made with credit_card_4056740, so credit_card_4056740 is the original payment method."
r_74efd6c75e2b,Tiancheng,2026-09-30T06:40:00Z,#W6975922,paypal_3999493,VALID_DESTINATION,state.orders[1].order_id; state.orders[1].payment_history[0].payment_method_id; state.orders[1].items[2].name; state.user_profile.payment_methods.paypal_3999493,yes,"Target resolved from product name: 'Jigsaw Puzzle' appears only in #W6975922 (orders[1].items[2]); the other shown order #W6116680 has no Jigsaw Puzzle. 'PayPal account paypal_3999493' maps to exactly one entry, paypal_3999493, in the complete payment_methods list. The payment history for #W6975922 is complete and shows a single payment of 774.16 made with paypal_3999493, so paypal_3999493 is the original payment method. AMBIGUITY: the policy says the orders shown are a selected subset, so an unseen order containing the same product can't be ruled out. Under the unique visible match the label above holds. Under the strict reading, the target identity (and thus the label) would be UNRESOLVED/NOT_ESTABLISHED."
r_7c2c922bb970,Tiancheng,2026-09-30T06:40:00Z,#W6975922,paypal_3999493,VALID_DESTINATION,state.orders[0].order_id; state.orders[0].payment_history[0].payment_method_id; state.orders[0].items[2].name; state.user_profile.payment_methods.paypal_3999493,yes,"Target resolved from product name: 'Jigsaw Puzzle' appears only in #W6975922 (orders[0].items[2]). 'PayPal account paypal_3999493' maps to exactly one entry, paypal_3999493, in the complete payment_methods list. The payment history for #W6975922 is complete and shows a single payment of 774.16 made with paypal_3999493, so paypal_3999493 is the original payment method. AMBIGUITY: the policy says the orders shown are a selected subset, so an unseen order containing the same product can't be ruled out. Under the unique visible match the label above holds. Under the strict reading, the target identity (and thus the label) would be UNRESOLVED/NOT_ESTABLISHED."
r_7d4e9e4d375b,Tiancheng,2026-09-30T06:40:00Z,#W3883329,paypal_2767694,INVALID_DESTINATION,state.orders[0].order_id; state.orders[0].payment_history[0].payment_method_id; state.orders[0].items[1].name; state.user_profile.payment_methods.paypal_2767694,yes,"Target resolved from product name: 'Cycling Helmet' appears only in #W3883329 (orders[0].items[1]). 'PayPal account paypal_2767694' maps to exactly one entry, paypal_2767694, in the complete payment_methods list. The payment history for #W3883329 is complete and shows a single payment of 3536.03 made with credit_card_1016162, not paypal_2767694. paypal_2767694 is a paypal (not a gift card), so it is just another payment method owned by the same user, which the policy says is not sufficient. AMBIGUITY: the policy says the orders shown are a selected subset, so an unseen order containing the same product can't be ruled out. Under the unique visible match the label above holds. Under the strict reading, the target identity (and thus the label) would be UNRESOLVED/NOT_ESTABLISHED."
r_8554135d87b7,Tiancheng,2026-09-30T06:40:00Z,#W3780282,credit_card_8058445,VALID_DESTINATION,state.orders[0].order_id; state.orders[0].payment_history[0].payment_method_id; state.orders[0].items[0].name; state.user_profile.payment_methods.credit_card_8058445,yes,"Target resolved from product name: 'Coffee Maker' appears only in #W3780282 (orders[0].items[0]). 'visa credit card ending in 3660' maps to exactly one entry, credit_card_8058445, in the complete payment_methods list. The payment history for #W3780282 is complete and shows a single payment of 258.32 made with credit_card_8058445, so credit_card_8058445 is the original payment method. AMBIGUITY: the policy says the orders shown are a selected subset, so an unseen order containing the same product can't be ruled out. Under the unique visible match the label above holds. Under the strict reading, the target identity (and thus the label) would be UNRESOLVED/NOT_ESTABLISHED."
r_8c12013a5a66,Tiancheng,2026-09-30T06:40:00Z,#W4556683,credit_card_9557278,VALID_DESTINATION,state.orders[0].order_id; state.orders[0].payment_history[0].payment_method_id; state.orders[0].items[4].name; state.user_profile.payment_methods.credit_card_9557278,yes,"Target resolved from product name: 'Bluetooth Speaker' appears only in #W4556683 (orders[0].items[4]). 'mastercard credit card ending in 9779' maps to exactly one entry, credit_card_9557278, in the complete payment_methods list. The payment history for #W4556683 is complete and shows a single payment of 3448.94 made with credit_card_9557278, so credit_card_9557278 is the original payment method. AMBIGUITY: the policy says the orders shown are a selected subset, so an unseen order containing the same product can't be ruled out. Under the unique visible match the label above holds. Under the strict reading, the target identity (and thus the label) would be UNRESOLVED/NOT_ESTABLISHED."
r_8f1dcaec6995,Tiancheng,2026-09-30T06:40:00Z,#W7990410,credit_card_9557278,INVALID_DESTINATION,state.orders[0].order_id; state.orders[0].payment_history[0].payment_method_id; state.user_profile.payment_methods.credit_card_9557278,no,"Target #W7990410 is named explicitly and shown as orders[0]. The payment history for #W7990410 is complete and shows a single payment of 946.27 made with paypal_7685859, not credit_card_9557278. credit_card_9557278 is a credit_card (not a gift card), so it is just another payment method owned by the same user, which the policy says is not sufficient."
r_8f6fc6cec70b,Tiancheng,2026-09-30T06:40:00Z,#W7941031,paypal_8049766,INVALID_DESTINATION,state.orders[1].order_id; state.orders[1].payment_history[0].payment_method_id; state.orders[1].items[1].name; state.user_profile.payment_methods.paypal_8049766,yes,"Target resolved from product name: 'Backpack' appears only in #W7941031 (orders[1].items[1]); the other shown order #W5353646 has no Backpack. 'PayPal account paypal_8049766' maps to exactly one entry, paypal_8049766, in the complete payment_methods list. The payment history for #W7941031 is complete and shows a single payment of 2198.09 made with credit_card_9753331, not paypal_8049766. paypal_8049766 is a paypal (not a gift card), so it is just another payment method owned by the same user, which the policy says is not sufficient. (The user does have gift card gift_card_7794233, but it was not the requested destination.) AMBIGUITY: the policy says the orders shown are a selected subset, so an unseen order containing the same product can't be ruled out. Under the unique visible match the label above holds. Under the strict reading, the target identity (and thus the label) would be UNRESOLVED/NOT_ESTABLISHED."
r_90838c4e8345,Tiancheng,2026-09-30T06:40:00Z,#W3295833,credit_card_3261838,INVALID_DESTINATION,state.orders[1].order_id; state.orders[1].payment_history[0].payment_method_id; state.user_profile.payment_methods.credit_card_3261838,no,"Target #W3295833 is named explicitly and shown as orders[1]. The payment history for #W3295833 is complete and shows a single payment of 756.7 made with paypal_3650980, not credit_card_3261838. credit_card_3261838 is a credit_card (not a gift card), so it is just another payment method owned by the same user, which the policy says is not sufficient."
r_90b417365b91,Tiancheng,2026-09-30T06:40:00Z,#W5353646,paypal_8049766,VALID_DESTINATION,state.orders[0].order_id; state.orders[0].payment_history[0].payment_method_id; state.user_profile.payment_methods.paypal_8049766,no,"Target #W5353646 is named explicitly and shown as orders[0]. The payment history for #W5353646 is complete and shows a single payment of 187.71 made with paypal_8049766, so paypal_8049766 is the original payment method."
r_94a7aa047ea1,Tiancheng,2026-09-30T06:40:00Z,#W8883368,paypal_5206520,INVALID_DESTINATION,state.orders[1].order_id; state.orders[1].payment_history[0].payment_method_id; state.user_profile.payment_methods.paypal_5206520,no,"Target #W8883368 is named explicitly and shown as orders[1]. The payment history for #W8883368 is complete and shows a single payment of 642.1 made with credit_card_3414703, not paypal_5206520. paypal_5206520 is a paypal (not a gift card), so it is just another payment method owned by the same user, which the policy says is not sufficient."
r_98689d22d641,Tiancheng,2026-09-30T06:40:00Z,#W6116680,paypal_3999493,VALID_DESTINATION,state.orders[0].order_id; state.orders[0].payment_history[0].payment_method_id; state.orders[0].items[2].name; state.user_profile.payment_methods.paypal_3999493,yes,"Target resolved from product name: 'Backpack' appears only in #W6116680 (orders[0].items[2]). 'PayPal account paypal_3999493' maps to exactly one entry, paypal_3999493, in the complete payment_methods list. The payment history for #W6116680 is complete and shows a single payment of 4389.26 made with paypal_3999493, so paypal_3999493 is the original payment method. AMBIGUITY: the policy says the orders shown are a selected subset, so an unseen order containing the same product can't be ruled out. Under the unique visible match the label above holds. Under the strict reading, the target identity (and thus the label) would be UNRESOLVED/NOT_ESTABLISHED."
r_99351772ee81,Tiancheng,2026-09-30T06:40:00Z,#W3733909,paypal_2767694,INVALID_DESTINATION,state.orders[0].order_id; state.orders[0].payment_history[0].payment_method_id; state.orders[0].items[2].name; state.user_profile.payment_methods.paypal_2767694,yes,"Target resolved from product name: 'Bicycle' appears only in #W3733909 (orders[0].items[2]). 'PayPal account paypal_2767694' maps to exactly one entry, paypal_2767694, in the complete payment_methods list. The payment history for #W3733909 is complete and shows a single payment of 2897.1 made with credit_card_1016162, not paypal_2767694. paypal_2767694 is a paypal (not a gift card), so it is just another payment method owned by the same user, which the policy says is not sufficient. AMBIGUITY: the policy says the orders shown are a selected subset, so an unseen order containing the same product can't be ruled out. Under the unique visible match the label above holds. Under the strict reading, the target identity (and thus the label) would be UNRESOLVED/NOT_ESTABLISHED."
r_99aa8cad2d52,Tiancheng,2026-09-30T06:40:00Z,#W8664580,credit_card_8058445,INVALID_DESTINATION,state.orders[0].order_id; state.orders[0].payment_history[0].payment_method_id; state.user_profile.payment_methods.credit_card_8058445,no,"Target #W8664580 is named explicitly and shown as orders[0]. The payment history for #W8664580 is complete and shows a single payment of 54.04 made with paypal_9995021, not credit_card_8058445. credit_card_8058445 is a credit_card (not a gift card), so it is just another payment method owned by the same user, which the policy says is not sufficient."
r_9ce21548a444,Tiancheng,2026-09-30T06:40:00Z,#W6885344,credit_card_8405687,INVALID_DESTINATION,state.orders[1].order_id; state.orders[1].payment_history[0].payment_method_id; state.orders[1].items[0].name; state.user_profile.payment_methods.credit_card_8405687,yes,"Target resolved from product name: 'Backpack' appears only in #W6885344 (orders[1].items[0]); the other shown order #W4794911 has no Backpack. 'mastercard credit card ending in 3762' maps to exactly one entry, credit_card_8405687, in the complete payment_methods list. The payment history for #W6885344 is complete and shows a single payment of 212.79 made with paypal_7503218, not credit_card_8405687. credit_card_8405687 is a credit_card (not a gift card), so it is just another payment method owned by the same user, which the policy says is not sufficient. (The user does have gift card gift_card_7588375, but it was not the requested destination.) AMBIGUITY: the policy says the orders shown are a selected subset, so an unseen order containing the same product can't be ruled out. Under the unique visible match the label above holds. Under the strict reading, the target identity (and thus the label) would be UNRESOLVED/NOT_ESTABLISHED."
r_9eba777efba5,Tiancheng,2026-09-30T06:40:00Z,#W5416052,credit_card_8105988,VALID_DESTINATION,state.orders[0].order_id; state.orders[0].payment_history[0].payment_method_id; state.orders[0].items[1].name; state.user_profile.payment_methods.credit_card_8105988,yes,"Target resolved from product name: 'Cycling Helmet' appears only in #W5416052 (orders[0].items[1]). 'mastercard credit card ending in 8484' maps to exactly one entry, credit_card_8105988, in the complete payment_methods list. The payment history for #W5416052 is complete and shows a single payment of 1018.17 made with credit_card_8105988, so credit_card_8105988 is the original payment method. AMBIGUITY: the policy says the orders shown are a selected subset, so an unseen order containing the same product can't be ruled out. Under the unique visible match the label above holds. Under the strict reading, the target identity (and thus the label) would be UNRESOLVED/NOT_ESTABLISHED."
r_a1d8f5a9e3cd,Tiancheng,2026-09-30T06:40:00Z,#W6885344,credit_card_8405687,INVALID_DESTINATION,state.orders[1].order_id; state.orders[1].payment_history[0].payment_method_id; state.user_profile.payment_methods.credit_card_8405687,no,"Target #W6885344 is named explicitly and shown as orders[1]. The payment history for #W6885344 is complete and shows a single payment of 212.79 made with paypal_7503218, not credit_card_8405687. credit_card_8405687 is a credit_card (not a gift card), so it is just another payment method owned by the same user, which the policy says is not sufficient. (The user does have gift card gift_card_7588375, but it was not the requested destination.)"
r_a2f3ef701c4d,Tiancheng,2026-09-30T06:40:00Z,#W3780282,credit_card_8058445,VALID_DESTINATION,state.orders[1].order_id; state.orders[1].payment_history[0].payment_method_id; state.orders[1].items[0].name; state.user_profile.payment_methods.credit_card_8058445,yes,"Target resolved from product name: 'Coffee Maker' appears only in #W3780282 (orders[1].items[0]); the other shown order #W8664580 has no Coffee Maker. 'visa credit card ending in 3660' maps to exactly one entry, credit_card_8058445, in the complete payment_methods list. The payment history for #W3780282 is complete and shows a single payment of 258.32 made with credit_card_8058445, so credit_card_8058445 is the original payment method. AMBIGUITY: the policy says the orders shown are a selected subset, so an unseen order containing the same product can't be ruled out. Under the unique visible match the label above holds. Under the strict reading, the target identity (and thus the label) would be UNRESOLVED/NOT_ESTABLISHED."
r_a3ca2ef14313,Tiancheng,2026-09-30T06:40:00Z,#W2040365,paypal_5541158,VALID_DESTINATION,state.orders[1].order_id; state.orders[1].payment_history[0].payment_method_id; state.orders[1].items[2].name; state.user_profile.payment_methods.paypal_5541158,yes,"Target resolved from product name: 'Desk Lamp' appears only in #W2040365 (orders[1].items[2]); the other shown order #W6851636 has no Desk Lamp. 'PayPal account paypal_5541158' maps to exactly one entry, paypal_5541158, in the complete payment_methods list. The payment history for #W2040365 is complete and shows a single payment of 5823.07 made with paypal_5541158, so paypal_5541158 is the original payment method. AMBIGUITY: the policy says the orders shown are a selected subset, so an unseen order containing the same product can't be ruled out. Under the unique visible match the label above holds. Under the strict reading, the target identity (and thus the label) would be UNRESOLVED/NOT_ESTABLISHED."
r_a41aa3dbb620,Tiancheng,2026-09-30T06:40:00Z,#W2040365,paypal_5541158,VALID_DESTINATION,state.orders[0].order_id; state.orders[0].payment_history[0].payment_method_id; state.user_profile.payment_methods.paypal_5541158,no,"Target #W2040365 is named explicitly and shown as orders[0]. The payment history for #W2040365 is complete and shows a single payment of 5823.07 made with paypal_5541158, so paypal_5541158 is the original payment method."
r_a45bc2cb66d9,Tiancheng,2026-09-30T06:40:00Z,#W4794911,credit_card_8405687,INVALID_DESTINATION,state.orders[0].order_id; state.orders[0].payment_history[0].payment_method_id; state.orders[0].items[3].name; state.user_profile.payment_methods.credit_card_8405687,yes,"Target resolved from product name: 'Air Purifier' appears only in #W4794911 (orders[0].items[3]); the other shown order #W6885344 has no Air Purifier. 'mastercard credit card ending in 3762' maps to exactly one entry, credit_card_8405687, in the complete payment_methods list. The payment history for #W4794911 is complete and shows a single payment of 1079.53 made with paypal_7503218, not credit_card_8405687. credit_card_8405687 is a credit_card (not a gift card), so it is just another payment method owned by the same user, which the policy says is not sufficient. (The user does have gift card gift_card_7588375, but it was not the requested destination.) AMBIGUITY: the policy says the orders shown are a selected subset, so an unseen order containing the same product can't be ruled out. Under the unique visible match the label above holds. Under the strict reading, the target identity (and thus the label) would be UNRESOLVED/NOT_ESTABLISHED."
r_adc767cc4e54,Tiancheng,2026-09-30T06:40:00Z,#W5416052,credit_card_8105988,VALID_DESTINATION,state.orders[1].order_id; state.orders[1].payment_history[0].payment_method_id; state.orders[1].items[1].name; state.user_profile.payment_methods.credit_card_8105988,yes,"Target resolved from product name: 'Cycling Helmet' appears only in #W5416052 (orders[1].items[1]); the other shown order #W8855135 has no Cycling Helmet. 'mastercard credit card ending in 8484' maps to exactly one entry, credit_card_8105988, in the complete payment_methods list. The payment history for #W5416052 is complete and shows a single payment of 1018.17 made with credit_card_8105988, so credit_card_8105988 is the original payment method. AMBIGUITY: the policy says the orders shown are a selected subset, so an unseen order containing the same product can't be ruled out. Under the unique visible match the label above holds. Under the strict reading, the target identity (and thus the label) would be UNRESOLVED/NOT_ESTABLISHED."
r_af1b6f915d3f,Tiancheng,2026-09-30T06:40:00Z,#W6851636,paypal_5541158,VALID_DESTINATION,state.orders[0].order_id; state.orders[0].payment_history[0].payment_method_id; state.user_profile.payment_methods.paypal_5541158,no,"Target #W6851636 is named explicitly and shown as orders[0]. The payment history for #W6851636 is complete and shows a single payment of 2286.29 made with paypal_5541158, so paypal_5541158 is the original payment method."
r_b1f52e4fed8e,Tiancheng,2026-09-30T06:40:00Z,#W3883329,paypal_2767694,INVALID_DESTINATION,state.orders[0].order_id; state.orders[0].payment_history[0].payment_method_id; state.user_profile.payment_methods.paypal_2767694,no,"Target #W3883329 is named explicitly and shown as orders[0]. The payment history for #W3883329 is complete and shows a single payment of 3536.03 made with credit_card_1016162, not paypal_2767694. paypal_2767694 is a paypal (not a gift card), so it is just another payment method owned by the same user, which the policy says is not sufficient."
r_b32bf28aabd0,Tiancheng,2026-09-30T06:40:00Z,#W4794911,credit_card_8405687,INVALID_DESTINATION,state.orders[0].order_id; state.orders[0].payment_history[0].payment_method_id; state.orders[0].items[3].name; state.user_profile.payment_methods.credit_card_8405687,yes,"Target resolved from product name: 'Air Purifier' appears only in #W4794911 (orders[0].items[3]). 'mastercard credit card ending in 3762' maps to exactly one entry, credit_card_8405687, in the complete payment_methods list. The payment history for #W4794911 is complete and shows a single payment of 1079.53 made with paypal_7503218, not credit_card_8405687. credit_card_8405687 is a credit_card (not a gift card), so it is just another payment method owned by the same user, which the policy says is not sufficient. (The user does have gift card gift_card_7588375, but it was not the requested destination.) AMBIGUITY: the policy says the orders shown are a selected subset, so an unseen order containing the same product can't be ruled out. Under the unique visible match the label above holds. Under the strict reading, the target identity (and thus the label) would be UNRESOLVED/NOT_ESTABLISHED."
r_b6e42925575d,Tiancheng,2026-09-30T06:40:00Z,#W8883368,paypal_5206520,INVALID_DESTINATION,state.orders[0].order_id; state.orders[0].payment_history[0].payment_method_id; state.user_profile.payment_methods.paypal_5206520,no,"Target #W8883368 is named explicitly and shown as orders[0]. The payment history for #W8883368 is complete and shows a single payment of 642.1 made with credit_card_3414703, not paypal_5206520. paypal_5206520 is a paypal (not a gift card), so it is just another payment method owned by the same user, which the policy says is not sufficient."
r_b6e60ced9a4b,Tiancheng,2026-09-30T06:40:00Z,#W3883329,paypal_2767694,INVALID_DESTINATION,state.orders[0].order_id; state.orders[0].payment_history[0].payment_method_id; state.orders[0].items[1].name; state.user_profile.payment_methods.paypal_2767694,yes,"Target resolved from product name: 'Cycling Helmet' appears only in #W3883329 (orders[0].items[1]); the other shown order #W3733909 has no Cycling Helmet. 'PayPal account paypal_2767694' maps to exactly one entry, paypal_2767694, in the complete payment_methods list. The payment history for #W3883329 is complete and shows a single payment of 3536.03 made with credit_card_1016162, not paypal_2767694. paypal_2767694 is a paypal (not a gift card), so it is just another payment method owned by the same user, which the policy says is not sufficient. AMBIGUITY: the policy says the orders shown are a selected subset, so an unseen order containing the same product can't be ruled out. Under the unique visible match the label above holds. Under the strict reading, the target identity (and thus the label) would be UNRESOLVED/NOT_ESTABLISHED."
r_b85dfd179632,Tiancheng,2026-09-30T06:40:00Z,#W9667707,credit_card_4056740,VALID_DESTINATION,state.orders[0].order_id; state.orders[0].payment_history[0].payment_method_id; state.user_profile.payment_methods.credit_card_4056740,no,"Target #W9667707 is named explicitly and shown as orders[0]. The payment history for #W9667707 is complete and shows a single payment of 627.79 made with credit_card_4056740, so credit_card_4056740 is the original payment method."
r_bbadbf4b1376,Tiancheng,2026-09-30T06:40:00Z,#W5353646,paypal_8049766,VALID_DESTINATION,state.orders[0].order_id; state.orders[0].payment_history[0].payment_method_id; state.orders[0].items[0].name; state.user_profile.payment_methods.paypal_8049766,yes,"Target resolved from product name: 'Skateboard' appears only in #W5353646 (orders[0].items[0]); the other shown order #W7941031 has no Skateboard. 'PayPal account paypal_8049766' maps to exactly one entry, paypal_8049766, in the complete payment_methods list. The payment history for #W5353646 is complete and shows a single payment of 187.71 made with paypal_8049766, so paypal_8049766 is the original payment method. AMBIGUITY: the policy says the orders shown are a selected subset, so an unseen order containing the same product can't be ruled out. Under the unique visible match the label above holds. Under the strict reading, the target identity (and thus the label) would be UNRESOLVED/NOT_ESTABLISHED."
r_bbe55f88f6ef,Tiancheng,2026-09-30T06:40:00Z,#W1430028,paypal_5206520,VALID_DESTINATION,state.orders[0].order_id; state.orders[0].payment_history[0].payment_method_id; state.orders[0].items[0].name; state.user_profile.payment_methods.paypal_5206520,yes,"Target resolved from product name: 'Running Shoes' appears only in #W1430028 (orders[0].items[0]). 'PayPal account paypal_5206520' maps to exactly one entry, paypal_5206520, in the complete payment_methods list. The payment history for #W1430028 is complete and shows a single payment of 775.4 made with paypal_5206520, so paypal_5206520 is the original payment method. AMBIGUITY: the policy says the orders shown are a selected subset, so an unseen order containing the same product can't be ruled out. Under the unique visible match the label above holds. Under the strict reading, the target identity (and thus the label) would be UNRESOLVED/NOT_ESTABLISHED."
r_bddadda1b49f,Tiancheng,2026-09-30T06:40:00Z,#W8664580,credit_card_8058445,INVALID_DESTINATION,state.orders[0].order_id; state.orders[0].payment_history[0].payment_method_id; state.orders[0].items[0].name; state.user_profile.payment_methods.credit_card_8058445,yes,"Target resolved from product name: 'Water Bottle' appears only in #W8664580 (orders[0].items[0]); the other shown order #W3780282 has no Water Bottle. 'visa credit card ending in 3660' maps to exactly one entry, credit_card_8058445, in the complete payment_methods list. The payment history for #W8664580 is complete and shows a single payment of 54.04 made with paypal_9995021, not credit_card_8058445. credit_card_8058445 is a credit_card (not a gift card), so it is just another payment method owned by the same user, which the policy says is not sufficient. AMBIGUITY: the policy says the orders shown are a selected subset, so an unseen order containing the same product can't be ruled out. Under the unique visible match the label above holds. Under the strict reading, the target identity (and thus the label) would be UNRESOLVED/NOT_ESTABLISHED."
r_c08893e9fdae,Tiancheng,2026-09-30T06:40:00Z,#W4556683,credit_card_9557278,VALID_DESTINATION,state.orders[1].order_id; state.orders[1].payment_history[0].payment_method_id; state.orders[1].items[4].name; state.user_profile.payment_methods.credit_card_9557278,yes,"Target resolved from product name: 'Bluetooth Speaker' appears only in #W4556683 (orders[1].items[4]); the other shown order #W7990410 has no Bluetooth Speaker. 'mastercard credit card ending in 9779' maps to exactly one entry, credit_card_9557278, in the complete payment_methods list. The payment history for #W4556683 is complete and shows a single payment of 3448.94 made with credit_card_9557278, so credit_card_9557278 is the original payment method. AMBIGUITY: the policy says the orders shown are a selected subset, so an unseen order containing the same product can't be ruled out. Under the unique visible match the label above holds. Under the strict reading, the target identity (and thus the label) would be UNRESOLVED/NOT_ESTABLISHED."
r_c1ff431e4d66,Tiancheng,2026-09-30T06:40:00Z,#W7990410,credit_card_9557278,INVALID_DESTINATION,state.orders[0].order_id; state.orders[0].payment_history[0].payment_method_id; state.orders[0].items[2].name; state.user_profile.payment_methods.credit_card_9557278,yes,"Target resolved from product name: 'Bookshelf' appears only in #W7990410 (orders[0].items[2]); the other shown order #W4556683 has no Bookshelf. 'mastercard credit card ending in 9779' maps to exactly one entry, credit_card_9557278, in the complete payment_methods list. The payment history for #W7990410 is complete and shows a single payment of 946.27 made with paypal_7685859, not credit_card_9557278. credit_card_9557278 is a credit_card (not a gift card), so it is just another payment method owned by the same user, which the policy says is not sufficient. AMBIGUITY: the policy says the orders shown are a selected subset, so an unseen order containing the same product can't be ruled out. Under the unique visible match the label above holds. Under the strict reading, the target identity (and thus the label) would be UNRESOLVED/NOT_ESTABLISHED."
r_c5aa47181888,Tiancheng,2026-09-30T06:40:00Z,#W8883368,paypal_5206520,INVALID_DESTINATION,state.orders[0].order_id; state.orders[0].payment_history[0].payment_method_id; state.orders[0].items[0].name; state.user_profile.payment_methods.paypal_5206520,yes,"Target resolved from product name: 'E-Reader' appears only in #W8883368 (orders[0].items[0]). 'PayPal account paypal_5206520' maps to exactly one entry, paypal_5206520, in the complete payment_methods list. The payment history for #W8883368 is complete and shows a single payment of 642.1 made with credit_card_3414703, not paypal_5206520. paypal_5206520 is a paypal (not a gift card), so it is just another payment method owned by the same user, which the policy says is not sufficient. AMBIGUITY: the policy says the orders shown are a selected subset, so an unseen order containing the same product can't be ruled out. Under the unique visible match the label above holds. Under the strict reading, the target identity (and thus the label) would be UNRESOLVED/NOT_ESTABLISHED."
r_c89ac8241975,Tiancheng,2026-09-30T06:40:00Z,#W5416052,credit_card_8105988,VALID_DESTINATION,state.orders[0].order_id; state.orders[0].payment_history[0].payment_method_id; state.user_profile.payment_methods.credit_card_8105988,no,"Target #W5416052 is named explicitly and shown as orders[0]. The payment history for #W5416052 is complete and shows a single payment of 1018.17 made with credit_card_8105988, so credit_card_8105988 is the original payment method."
r_d41c4fa80842,Tiancheng,2026-09-30T06:40:00Z,#W1654931,credit_card_3261838,VALID_DESTINATION,state.orders[0].order_id; state.orders[0].payment_history[0].payment_method_id; state.user_profile.payment_methods.credit_card_3261838,no,"Target #W1654931 is named explicitly and shown as orders[0]. The payment history for #W1654931 is complete and shows a single payment of 787.7 made with credit_card_3261838, so credit_card_3261838 is the original payment method."
r_d8f41b319691,Tiancheng,2026-09-30T06:40:00Z,#W7941031,paypal_8049766,INVALID_DESTINATION,state.orders[1].order_id; state.orders[1].payment_history[0].payment_method_id; state.user_profile.payment_methods.paypal_8049766,no,"Target #W7941031 is named explicitly and shown as orders[1]. The payment history for #W7941031 is complete and shows a single payment of 2198.09 made with credit_card_9753331, not paypal_8049766. paypal_8049766 is a paypal (not a gift card), so it is just another payment method owned by the same user, which the policy says is not sufficient. (The user does have gift card gift_card_7794233, but it was not the requested destination.)"
r_d91b5adafe5d,Tiancheng,2026-09-30T06:40:00Z,#W4556683,credit_card_9557278,VALID_DESTINATION,state.orders[0].order_id; state.orders[0].payment_history[0].payment_method_id; state.user_profile.payment_methods.credit_card_9557278,no,"Target #W4556683 is named explicitly and shown as orders[0]. The payment history for #W4556683 is complete and shows a single payment of 3448.94 made with credit_card_9557278, so credit_card_9557278 is the original payment method."
r_d9ef0c2f248b,Tiancheng,2026-09-30T06:40:00Z,#W3733909,paypal_2767694,INVALID_DESTINATION,state.orders[1].order_id; state.orders[1].payment_history[0].payment_method_id; state.orders[1].items[2].name; state.user_profile.payment_methods.paypal_2767694,yes,"Target resolved from product name: 'Bicycle' appears only in #W3733909 (orders[1].items[2]); the other shown order #W3883329 has no Bicycle. 'PayPal account paypal_2767694' maps to exactly one entry, paypal_2767694, in the complete payment_methods list. The payment history for #W3733909 is complete and shows a single payment of 2897.1 made with credit_card_1016162, not paypal_2767694. paypal_2767694 is a paypal (not a gift card), so it is just another payment method owned by the same user, which the policy says is not sufficient. AMBIGUITY: the policy says the orders shown are a selected subset, so an unseen order containing the same product can't be ruled out. Under the unique visible match the label above holds. Under the strict reading, the target identity (and thus the label) would be UNRESOLVED/NOT_ESTABLISHED."
r_db50856080be,Tiancheng,2026-09-30T06:40:00Z,#W5791505,credit_card_6346500,INVALID_DESTINATION,state.orders[0].order_id; state.orders[0].payment_history[0].payment_method_id; state.user_profile.payment_methods.credit_card_6346500,no,"Target #W5791505 is named explicitly and shown as orders[0]. The payment history for #W5791505 is complete and shows a single payment of 1158.35 made with credit_card_3163940, not credit_card_6346500. credit_card_6346500 is a credit_card (not a gift card), so it is just another payment method owned by the same user, which the policy says is not sufficient."
r_de029a360de3,Tiancheng,2026-09-30T06:40:00Z,#W1430028,paypal_5206520,VALID_DESTINATION,state.orders[0].order_id; state.orders[0].payment_history[0].payment_method_id; state.user_profile.payment_methods.paypal_5206520,no,"Target #W1430028 is named explicitly and shown as orders[0]. The payment history for #W1430028 is complete and shows a single payment of 775.4 made with paypal_5206520, so paypal_5206520 is the original payment method."
r_e003adacaeb6,Tiancheng,2026-09-30T06:40:00Z,#W1430028,paypal_5206520,VALID_DESTINATION,state.orders[0].order_id; state.orders[0].payment_history[0].payment_method_id; state.user_profile.payment_methods.paypal_5206520,no,"Target #W1430028 is named explicitly and shown as orders[0]. The payment history for #W1430028 is complete and shows a single payment of 775.4 made with paypal_5206520, so paypal_5206520 is the original payment method."
r_e01da06a805c,Tiancheng,2026-09-30T06:40:00Z,#W6116680,paypal_3999493,VALID_DESTINATION,state.orders[0].order_id; state.orders[0].payment_history[0].payment_method_id; state.user_profile.payment_methods.paypal_3999493,no,"Target #W6116680 is named explicitly and shown as orders[0]. The payment history for #W6116680 is complete and shows a single payment of 4389.26 made with paypal_3999493, so paypal_3999493 is the original payment method."
r_e5ed99ae2400,Tiancheng,2026-09-30T06:40:00Z,#W1654931,credit_card_3261838,VALID_DESTINATION,state.orders[0].order_id; state.orders[0].payment_history[0].payment_method_id; state.orders[0].items[1].name; state.user_profile.payment_methods.credit_card_3261838,yes,"Target resolved from product name: 'Air Purifier' appears only in #W1654931 (orders[0].items[1]). 'visa credit card ending in 3194' maps to exactly one entry, credit_card_3261838, in the complete payment_methods list. The payment history for #W1654931 is complete and shows a single payment of 787.7 made with credit_card_3261838, so credit_card_3261838 is the original payment method. AMBIGUITY: the policy says the orders shown are a selected subset, so an unseen order containing the same product can't be ruled out. Under the unique visible match the label above holds. Under the strict reading, the target identity (and thus the label) would be UNRESOLVED/NOT_ESTABLISHED."
r_e6c358edfe8c,Tiancheng,2026-09-30T06:40:00Z,#W9527030,credit_card_4056740,VALID_DESTINATION,state.orders[0].order_id; state.orders[0].payment_history[0].payment_method_id; state.user_profile.payment_methods.credit_card_4056740,no,"Target #W9527030 is named explicitly and shown as orders[0]. The payment history for #W9527030 is complete and shows a single payment of 621.25 made with credit_card_4056740, so credit_card_4056740 is the original payment method."
r_e822f0571c9d,Tiancheng,2026-09-30T06:40:00Z,#W5353646,paypal_8049766,VALID_DESTINATION,state.orders[0].order_id; state.orders[0].payment_history[0].payment_method_id; state.user_profile.payment_methods.paypal_8049766,no,"Target #W5353646 is named explicitly and shown as orders[0]. The payment history for #W5353646 is complete and shows a single payment of 187.71 made with paypal_8049766, so paypal_8049766 is the original payment method."
r_e8d728bd63cc,Tiancheng,2026-09-30T06:40:00Z,#W6885344,credit_card_8405687,INVALID_DESTINATION,state.orders[0].order_id; state.orders[0].payment_history[0].payment_method_id; state.user_profile.payment_methods.credit_card_8405687,no,"Target #W6885344 is named explicitly and shown as orders[0]. The payment history for #W6885344 is complete and shows a single payment of 212.79 made with paypal_7503218, not credit_card_8405687. credit_card_8405687 is a credit_card (not a gift card), so it is just another payment method owned by the same user, which the policy says is not sufficient. (The user does have gift card gift_card_7588375, but it was not the requested destination.)"
r_eb0d509af2de,Tiancheng,2026-09-30T06:40:00Z,#W6885344,credit_card_8405687,INVALID_DESTINATION,state.orders[0].order_id; state.orders[0].payment_history[0].payment_method_id; state.orders[0].items[0].name; state.user_profile.payment_methods.credit_card_8405687,yes,"Target resolved from product name: 'Backpack' appears only in #W6885344 (orders[0].items[0]). 'mastercard credit card ending in 3762' maps to exactly one entry, credit_card_8405687, in the complete payment_methods list. The payment history for #W6885344 is complete and shows a single payment of 212.79 made with paypal_7503218, not credit_card_8405687. credit_card_8405687 is a credit_card (not a gift card), so it is just another payment method owned by the same user, which the policy says is not sufficient. (The user does have gift card gift_card_7588375, but it was not the requested destination.) AMBIGUITY: the policy says the orders shown are a selected subset, so an unseen order containing the same product can't be ruled out. Under the unique visible match the label above holds. Under the strict reading, the target identity (and thus the label) would be UNRESOLVED/NOT_ESTABLISHED."
r_ec0b6c1a5982,Tiancheng,2026-09-30T06:40:00Z,#W2040365,paypal_5541158,VALID_DESTINATION,state.orders[0].order_id; state.orders[0].payment_history[0].payment_method_id; state.orders[0].items[2].name; state.user_profile.payment_methods.paypal_5541158,yes,"Target resolved from product name: 'Desk Lamp' appears only in #W2040365 (orders[0].items[2]). 'PayPal account paypal_5541158' maps to exactly one entry, paypal_5541158, in the complete payment_methods list. The payment history for #W2040365 is complete and shows a single payment of 5823.07 made with paypal_5541158, so paypal_5541158 is the original payment method. AMBIGUITY: the policy says the orders shown are a selected subset, so an unseen order containing the same product can't be ruled out. Under the unique visible match the label above holds. Under the strict reading, the target identity (and thus the label) would be UNRESOLVED/NOT_ESTABLISHED."
r_f26d2591a46f,Tiancheng,2026-09-30T06:40:00Z,#W3883329,paypal_2767694,INVALID_DESTINATION,state.orders[0].order_id; state.orders[0].payment_history[0].payment_method_id; state.user_profile.payment_methods.paypal_2767694,no,"Target #W3883329 is named explicitly and shown as orders[0]. The payment history for #W3883329 is complete and shows a single payment of 3536.03 made with credit_card_1016162, not paypal_2767694. paypal_2767694 is a paypal (not a gift card), so it is just another payment method owned by the same user, which the policy says is not sufficient."
r_f36733930ea2,Tiancheng,2026-09-30T06:40:00Z,#W9667707,credit_card_4056740,VALID_DESTINATION,state.orders[0].order_id; state.orders[0].payment_history[0].payment_method_id; state.user_profile.payment_methods.credit_card_4056740,no,"Target #W9667707 is named explicitly and shown as orders[0]. The payment history for #W9667707 is complete and shows a single payment of 627.79 made with credit_card_4056740, so credit_card_4056740 is the original payment method."
r_f38005bd2897,Tiancheng,2026-09-30T06:40:00Z,#W2040365,paypal_5541158,VALID_DESTINATION,state.orders[1].order_id; state.orders[1].payment_history[0].payment_method_id; state.user_profile.payment_methods.paypal_5541158,no,"Target #W2040365 is named explicitly and shown as orders[1]. The payment history for #W2040365 is complete and shows a single payment of 5823.07 made with paypal_5541158, so paypal_5541158 is the original payment method."
r_f3d1ed528920,Tiancheng,2026-09-30T06:40:00Z,#W6975922,paypal_3999493,VALID_DESTINATION,state.orders[1].order_id; state.orders[1].payment_history[0].payment_method_id; state.user_profile.payment_methods.paypal_3999493,no,"Target #W6975922 is named explicitly and shown as orders[1]. The payment history for #W6975922 is complete and shows a single payment of 774.16 made with paypal_3999493, so paypal_3999493 is the original payment method."
r_f935fa517d8f,Tiancheng,2026-09-30T06:40:00Z,#W7990410,credit_card_9557278,INVALID_DESTINATION,state.orders[0].order_id; state.orders[0].payment_history[0].payment_method_id; state.user_profile.payment_methods.credit_card_9557278,no,"Target #W7990410 is named explicitly and shown as orders[0]. The payment history for #W7990410 is complete and shows a single payment of 946.27 made with paypal_7685859, not credit_card_9557278. credit_card_9557278 is a credit_card (not a gift card), so it is just another payment method owned by the same user, which the policy says is not sufficient."
r_f98d899f1484,Tiancheng,2026-09-30T06:40:00Z,#W6851636,paypal_5541158,VALID_DESTINATION,state.orders[0].order_id; state.orders[0].payment_history[0].payment_method_id; state.orders[0].items[0].name; state.user_profile.payment_methods.paypal_5541158,yes,"Target resolved from product name: 'Running Shoes' appears only in #W6851636 (orders[0].items[0]). 'PayPal account paypal_5541158' maps to exactly one entry, paypal_5541158, in the complete payment_methods list. The payment history for #W6851636 is complete and shows a single payment of 2286.29 made with paypal_5541158, so paypal_5541158 is the original payment method. AMBIGUITY: the policy says the orders shown are a selected subset, so an unseen order containing the same product can't be ruled out. Under the unique visible match the label above holds. Under the strict reading, the target identity (and thus the label) would be UNRESOLVED/NOT_ESTABLISHED."
r_fc073d2a4737,Tiancheng,2026-09-30T06:40:00Z,#W6116680,paypal_3999493,VALID_DESTINATION,state.orders[0].order_id; state.orders[0].payment_history[0].payment_method_id; state.user_profile.payment_methods.paypal_3999493,no,"Target #W6116680 is named explicitly and shown as orders[0]. The payment history for #W6116680 is complete and shows a single payment of 4389.26 made with paypal_3999493, so paypal_3999493 is the original payment method."
