parent,family,jev_round0_complete,qwen_round0_complete,jev_round1_complete,qwen_round1_complete
Q01,Quoted versus actual request,1,1,1,1
Q02,Quoted versus actual request,1,1,1,1
Q03,Quoted versus actual request,1,1,1,1
Q04,Quoted versus actual request,1,1,1,1
S01,Object scope,1,0,1,0
S02,Object scope,1,0,1,0
S03,Object scope,1,0,1,0
S04,Object scope,1,0,1,0
T01,Superseded versus current request,1,1,1,1
T02,Superseded versus current request,1,1,1,1
T03,Superseded versus current request,1,1,1,1
T04,Superseded versus current request,1,1,1,1
