backend,case_id,replicate,mapping,gold,prediction,correct,p_cancel,p_keep,candidate_mass,latency_s,ok
jev,T02-D,0,keep_first,CANCEL,CANCEL,True,1.0,0.0,,0.15667360000225017,True
jev,T01-C,0,keep_first,KEEP,KEEP,True,0.0,1.0,,0.14783580000221264,True
jev,Q03-A,0,keep_first,KEEP,KEEP,True,0.09,0.91,,0.11718309999560006,True
jev,T03-D,0,keep_first,CANCEL,CANCEL,True,1.0,0.0,,0.1532867999994778,True
jev,T01-D,0,keep_first,CANCEL,CANCEL,True,1.0,0.0,,0.13480359999812208,True
jev,S02-B,0,keep_first,CANCEL,CANCEL,True,0.98,0.02,,0.1338261999990209,True
jev,S02-C,0,keep_first,KEEP,KEEP,True,0.0,1.0,,0.14877680000063265,True
jev,T03-A,0,keep_first,KEEP,KEEP,True,0.0,1.0,,0.22508789999847068,True
jev,T04-C,0,cancel_first,KEEP,KEEP,True,0.0,1.0,,0.13089729999774136,True
jev,S03-A,0,keep_first,KEEP,KEEP,True,0.0,1.0,,0.14678339999954915,True
jev,Q02-B,0,cancel_first,CANCEL,CANCEL,True,1.0,0.0,,0.11977530000149272,True
jev,S02-B,0,cancel_first,CANCEL,CANCEL,True,0.99,0.01,,0.14034149999497458,True
jev,S03-B,0,keep_first,CANCEL,CANCEL,True,1.0,0.0,,0.12024019999807933,True
jev,T02-D,0,cancel_first,CANCEL,CANCEL,True,1.0,0.0,,0.16305499999725726,True
jev,S04-A,0,cancel_first,KEEP,KEEP,True,0.0,1.0,,0.3388291000010213,True
jev,Q01-B,0,keep_first,CANCEL,CANCEL,True,1.0,0.0,,0.12975770000048215,True
jev,Q01-D,0,cancel_first,CANCEL,CANCEL,True,1.0,0.0,,0.1190165000007255,True
jev,S03-C,0,cancel_first,KEEP,KEEP,True,0.0,1.0,,0.1220683999999892,True
jev,S02-D,0,cancel_first,CANCEL,CANCEL,True,1.0,0.0,,0.2547701000003144,True
jev,S01-B,0,keep_first,CANCEL,CANCEL,True,1.0,0.0,,0.16847869999764953,True
jev,Q02-A,0,keep_first,KEEP,KEEP,True,0.0,1.0,,0.1188999000005424,True
jev,S04-A,0,keep_first,KEEP,KEEP,True,0.0,1.0,,0.1394168000042555,True
jev,T03-D,0,cancel_first,CANCEL,CANCEL,True,1.0,0.0,,0.11647649999940768,True
jev,T04-A,0,cancel_first,KEEP,KEEP,True,0.0,1.0,,0.1708483000038541,True
jev,S01-C,0,cancel_first,KEEP,KEEP,True,0.0,1.0,,0.12541890000284184,True
jev,T04-C,0,keep_first,KEEP,KEEP,True,0.0,1.0,,0.15013529999851016,True
jev,S01-C,0,keep_first,KEEP,KEEP,True,0.0,1.0,,0.13824519999616314,True
jev,T04-B,0,keep_first,CANCEL,CANCEL,True,1.0,0.0,,0.16556129999662517,True
jev,S01-D,0,cancel_first,CANCEL,CANCEL,True,1.0,0.0,,0.13621129999955883,True
jev,T01-C,0,cancel_first,KEEP,KEEP,True,0.0,1.0,,0.13891330000478774,True
jev,S03-D,0,cancel_first,CANCEL,CANCEL,True,1.0,0.0,,0.15270359999703942,True
jev,S04-D,0,keep_first,CANCEL,CANCEL,True,1.0,0.0,,0.1208351999957813,True
jev,Q03-B,0,keep_first,CANCEL,CANCEL,True,0.99,0.01,,0.13869210000120802,True
jev,S03-C,0,keep_first,KEEP,KEEP,True,0.0,1.0,,0.14007289999426575,True
jev,S02-D,0,keep_first,CANCEL,CANCEL,True,1.0,0.0,,0.14651410000078613,True
jev,Q01-A,0,keep_first,KEEP,KEEP,True,0.0,1.0,,0.13438260000111768,True
jev,T01-B,0,keep_first,CANCEL,CANCEL,True,1.0,0.0,,0.1435337000002619,True
jev,S04-B,0,cancel_first,CANCEL,CANCEL,True,1.0,0.0,,0.1339494999992894,True
jev,T03-B,0,cancel_first,CANCEL,CANCEL,True,1.0,0.0,,0.17072819999884814,True
jev,T04-D,0,keep_first,CANCEL,CANCEL,True,0.99,0.01,,0.1251806000000215,True
jev,Q01-C,0,cancel_first,KEEP,KEEP,True,0.0,1.0,,0.16389350000099512,True
jev,S01-B,0,cancel_first,CANCEL,CANCEL,True,1.0,0.0,,0.13116769999760436,True
jev,Q03-B,0,cancel_first,CANCEL,CANCEL,True,0.98,0.02,,0.1508973000018159,True
jev,T02-C,0,keep_first,KEEP,KEEP,True,0.01,0.99,,0.14837200000329176,True
jev,S04-B,0,keep_first,CANCEL,CANCEL,True,1.0,0.0,,0.14886149999802,True
jev,S02-C,0,cancel_first,KEEP,KEEP,True,0.0,1.0,,0.1597459999975399,True
jev,T04-B,0,cancel_first,CANCEL,CANCEL,True,1.0,0.0,,0.16398240000125952,True
jev,Q02-D,0,keep_first,CANCEL,CANCEL,True,1.0,0.0,,0.1854684999998426,True
jev,T04-D,0,cancel_first,CANCEL,CANCEL,True,1.0,0.0,,0.15385889999743085,True
jev,Q02-B,0,keep_first,CANCEL,CANCEL,True,1.0,0.0,,0.13223519999883138,True
jev,Q02-C,0,keep_first,KEEP,KEEP,True,0.0,1.0,,0.13155969999934314,True
jev,Q02-C,0,cancel_first,KEEP,KEEP,True,0.0,1.0,,0.12447729999985313,True
jev,S04-C,0,keep_first,KEEP,KEEP,True,0.0,1.0,,0.12111430000368273,True
jev,Q03-C,0,keep_first,KEEP,KEEP,True,0.01,0.99,,0.13929550000466406,True
jev,S04-C,0,cancel_first,KEEP,KEEP,True,0.0,1.0,,0.1350732999999309,True
jev,Q01-B,0,cancel_first,CANCEL,CANCEL,True,1.0,0.0,,0.13463270000647753,True
jev,Q04-C,0,cancel_first,KEEP,KEEP,True,0.0,1.0,,0.13790780000272207,True
jev,T01-A,0,keep_first,KEEP,KEEP,True,0.0,1.0,,0.18717520000063814,True
jev,T03-C,0,cancel_first,KEEP,KEEP,True,0.0,1.0,,0.19133890000375686,True
jev,S01-A,0,cancel_first,KEEP,KEEP,True,0.0,1.0,,0.1318463999996311,True
jev,Q03-C,0,cancel_first,KEEP,KEEP,True,0.0,1.0,,0.16033449999667937,True
jev,S02-A,0,keep_first,KEEP,KEEP,True,0.0,1.0,,0.16987250000238419,True
jev,T02-A,0,keep_first,KEEP,KEEP,True,0.0,1.0,,0.18356240000139223,True
jev,Q04-D,0,keep_first,CANCEL,CANCEL,True,1.0,0.0,,0.1351418999984162,True
jev,Q02-A,0,cancel_first,KEEP,KEEP,True,0.0,1.0,,0.15934140000172192,True
jev,Q01-A,0,cancel_first,KEEP,KEEP,True,0.0,1.0,,0.13540970000030939,True
jev,T01-D,0,cancel_first,CANCEL,CANCEL,True,1.0,0.0,,0.12657840000611031,True
jev,T02-A,0,cancel_first,KEEP,KEEP,True,0.0,1.0,,0.1398745000042254,True
jev,T04-A,0,keep_first,KEEP,KEEP,True,0.0,1.0,,0.14508110000315355,True
jev,Q04-D,0,cancel_first,CANCEL,CANCEL,True,1.0,0.0,,0.1531288999976823,True
jev,S03-D,0,keep_first,CANCEL,CANCEL,True,1.0,0.0,,0.1241504999998142,True
jev,S01-D,0,keep_first,CANCEL,CANCEL,True,1.0,0.0,,0.1486769999974058,True
jev,S03-A,0,cancel_first,KEEP,KEEP,True,0.0,1.0,,0.14359230000263778,True
jev,Q04-A,0,keep_first,KEEP,KEEP,True,0.0,1.0,,0.16410490000271238,True
jev,T03-A,0,cancel_first,KEEP,KEEP,True,0.0,1.0,,0.12664740000036545,True
jev,Q04-A,0,cancel_first,KEEP,KEEP,True,0.0,1.0,,0.18029090000345604,True
jev,Q04-B,0,cancel_first,CANCEL,CANCEL,True,1.0,0.0,,0.13279079999483656,True
jev,Q03-D,0,cancel_first,CANCEL,CANCEL,True,0.99,0.01,,0.20972120000078576,True
jev,T02-B,0,keep_first,CANCEL,CANCEL,True,0.99,0.01,,0.18295729999954347,True
jev,T02-B,0,cancel_first,CANCEL,CANCEL,True,0.98,0.02,,0.19535640000685817,True
jev,T03-B,0,keep_first,CANCEL,CANCEL,True,1.0,0.0,,0.15238460000546183,True
jev,Q01-D,0,keep_first,CANCEL,CANCEL,True,1.0,0.0,,0.15954690000216942,True
jev,S01-A,0,keep_first,KEEP,KEEP,True,0.0,1.0,,0.1858206999968388,True
jev,T01-A,0,cancel_first,KEEP,KEEP,True,0.0,1.0,,0.1273836000036681,True
jev,S02-A,0,cancel_first,KEEP,KEEP,True,0.0,1.0,,0.1181674000035855,True
jev,Q04-C,0,keep_first,KEEP,KEEP,True,0.0,1.0,,0.1634727999989991,True
jev,Q02-D,0,cancel_first,CANCEL,CANCEL,True,1.0,0.0,,0.1663734999965527,True
jev,T02-C,0,cancel_first,KEEP,KEEP,True,0.0,1.0,,0.18889089999720454,True
jev,S04-D,0,cancel_first,CANCEL,CANCEL,True,1.0,0.0,,0.15589010000257986,True
jev,Q03-D,0,keep_first,CANCEL,CANCEL,True,0.99,0.01,,0.17358919999969658,True
jev,S03-B,0,cancel_first,CANCEL,CANCEL,True,1.0,0.0,,0.17763389999890933,True
jev,Q04-B,0,keep_first,CANCEL,CANCEL,True,1.0,0.0,,0.15637169999536127,True
jev,T03-C,0,keep_first,KEEP,KEEP,True,0.0,1.0,,0.16210080000018934,True
jev,Q01-C,0,keep_first,KEEP,KEEP,True,0.0,1.0,,0.17770569999993313,True
jev,T01-B,0,cancel_first,CANCEL,CANCEL,True,1.0,0.0,,0.15198360000067623,True
jev,Q03-A,0,cancel_first,KEEP,KEEP,True,0.01,0.99,,0.1991037000043434,True
jev,S04-D,1,cancel_first,CANCEL,CANCEL,True,1.0,0.0,,0.18264159999671392,True
jev,T02-D,1,cancel_first,CANCEL,CANCEL,True,1.0,0.0,,0.18545420000009472,True
jev,Q04-A,1,cancel_first,KEEP,KEEP,True,0.0,1.0,,0.12308019999909448,True
jev,T03-B,1,keep_first,CANCEL,CANCEL,True,1.0,0.0,,0.14525679999496788,True
jev,Q02-B,1,keep_first,CANCEL,CANCEL,True,1.0,0.0,,0.14267600000312086,True
jev,T01-B,1,keep_first,CANCEL,CANCEL,True,1.0,0.0,,0.1520636999994167,True
jev,Q02-C,1,keep_first,KEEP,KEEP,True,0.0,1.0,,0.14151480000145966,True
jev,S01-A,1,keep_first,KEEP,KEEP,True,0.0,1.0,,0.1347429999950691,True
jev,Q02-B,1,cancel_first,CANCEL,CANCEL,True,1.0,0.0,,0.18333960000018124,True
jev,S03-C,1,keep_first,KEEP,KEEP,True,0.0,1.0,,0.2837846999973408,True
jev,S02-D,1,keep_first,CANCEL,CANCEL,True,1.0,0.0,,0.15108799999870826,True
jev,Q04-C,1,cancel_first,KEEP,KEEP,True,0.0,1.0,,0.1586142000014661,True
jev,S04-A,1,cancel_first,KEEP,KEEP,True,0.0,1.0,,0.13225690000399482,True
jev,S01-D,1,keep_first,CANCEL,CANCEL,True,1.0,0.0,,0.13826529999641934,True
jev,S04-C,1,keep_first,KEEP,KEEP,True,0.0,1.0,,0.13646919999882812,True
jev,S03-B,1,cancel_first,CANCEL,CANCEL,True,1.0,0.0,,0.14599140000063926,True
jev,S02-D,1,cancel_first,CANCEL,CANCEL,True,1.0,0.0,,0.1875073999981396,True
jev,S02-C,1,keep_first,KEEP,KEEP,True,0.0,1.0,,0.19217699999717297,True
jev,T04-B,1,keep_first,CANCEL,CANCEL,True,1.0,0.0,,0.14733419999538455,True
jev,S03-B,1,keep_first,CANCEL,CANCEL,True,1.0,0.0,,0.14299559999926714,True
jev,T01-C,1,keep_first,KEEP,KEEP,True,0.0,1.0,,0.12620359999709763,True
jev,S01-C,1,cancel_first,KEEP,KEEP,True,0.0,1.0,,0.19213540000055218,True
jev,Q01-D,1,cancel_first,CANCEL,CANCEL,True,1.0,0.0,,0.18418490000476595,True
jev,T01-B,1,cancel_first,CANCEL,CANCEL,True,1.0,0.0,,0.14239610000367975,True
jev,S04-B,1,keep_first,CANCEL,CANCEL,True,1.0,0.0,,0.11765439999726368,True
jev,T02-A,1,keep_first,KEEP,KEEP,True,0.0,1.0,,0.17119439999805763,True
jev,Q01-C,1,keep_first,KEEP,KEEP,True,0.0,1.0,,0.1473316000046907,True
jev,T04-A,1,keep_first,KEEP,KEEP,True,0.0,1.0,,0.1404407000009087,True
jev,Q04-A,1,keep_first,KEEP,KEEP,True,0.0,1.0,,0.13116099999751896,True
jev,S03-D,1,keep_first,CANCEL,CANCEL,True,1.0,0.0,,0.1498418000046513,True
jev,Q04-D,1,cancel_first,CANCEL,CANCEL,True,1.0,0.0,,0.15897430000040913,True
jev,S03-C,1,cancel_first,KEEP,KEEP,True,0.0,1.0,,0.12188890000106767,True
jev,T04-A,1,cancel_first,KEEP,KEEP,True,0.0,1.0,,0.1332750000001397,True
jev,Q02-D,1,cancel_first,CANCEL,CANCEL,True,1.0,0.0,,0.17044580000219867,True
jev,S03-A,1,cancel_first,KEEP,KEEP,True,0.0,1.0,,0.13569829999323701,True
jev,Q03-C,1,cancel_first,KEEP,KEEP,True,0.0,1.0,,0.12785759999678703,True
jev,Q01-C,1,cancel_first,KEEP,KEEP,True,0.0,1.0,,0.12707390000286978,True
jev,T01-A,1,keep_first,KEEP,KEEP,True,0.0,1.0,,0.12148880000313511,True
jev,Q02-A,1,cancel_first,KEEP,KEEP,True,0.0,1.0,,0.1319939000022714,True
jev,S04-A,1,keep_first,KEEP,KEEP,True,0.0,1.0,,0.13477080000302522,True
jev,T03-C,1,keep_first,KEEP,KEEP,True,0.0,1.0,,0.17659500000445405,True
jev,S02-B,1,keep_first,CANCEL,CANCEL,True,0.98,0.02,,0.14438709999376442,True
jev,T01-D,1,keep_first,CANCEL,CANCEL,True,1.0,0.0,,0.14255790000606794,True
jev,Q03-D,1,cancel_first,CANCEL,CANCEL,True,0.99,0.01,,0.1332274000014877,True
jev,Q01-A,1,keep_first,KEEP,KEEP,True,0.0,1.0,,0.12568010000541108,True
jev,S04-B,1,cancel_first,CANCEL,CANCEL,True,1.0,0.0,,0.16191880000405945,True
jev,T02-C,1,cancel_first,KEEP,KEEP,True,0.0,1.0,,0.12191339999844786,True
jev,T04-C,1,keep_first,KEEP,KEEP,True,0.0,1.0,,0.14980669999931706,True
jev,T01-D,1,cancel_first,CANCEL,CANCEL,True,1.0,0.0,,0.15426080000179354,True
jev,S03-A,1,keep_first,KEEP,KEEP,True,0.0,1.0,,0.20713369999430142,True
jev,T02-B,1,keep_first,CANCEL,CANCEL,True,0.99,0.01,,0.1350019000019529,True
jev,Q04-C,1,keep_first,KEEP,KEEP,True,0.0,1.0,,0.1562253000010969,True
jev,Q04-B,1,cancel_first,CANCEL,CANCEL,True,1.0,0.0,,0.16286190000391798,True
jev,T04-B,1,cancel_first,CANCEL,CANCEL,True,1.0,0.0,,0.16223299999546725,True
jev,Q03-A,1,keep_first,KEEP,KEEP,True,0.05,0.95,,0.2252978999968036,True
jev,Q02-D,1,keep_first,CANCEL,CANCEL,True,1.0,0.0,,0.1470030999989831,True
jev,S02-C,1,cancel_first,KEEP,KEEP,True,0.0,1.0,,0.14504630000010366,True
jev,T03-C,1,cancel_first,KEEP,KEEP,True,0.0,1.0,,0.1432515000051353,True
jev,Q01-B,1,cancel_first,CANCEL,CANCEL,True,1.0,0.0,,0.13897179999912623,True
jev,Q03-B,1,cancel_first,CANCEL,CANCEL,True,0.99,0.01,,0.17380899999989197,True
jev,Q01-A,1,cancel_first,KEEP,KEEP,True,0.0,1.0,,0.15243599999666912,True
jev,T02-D,1,keep_first,CANCEL,CANCEL,True,1.0,0.0,,0.18157480000081705,True
jev,T04-C,1,cancel_first,KEEP,KEEP,True,0.0,1.0,,0.16415490000508726,True
jev,T03-D,1,keep_first,CANCEL,CANCEL,True,1.0,0.0,,0.12429740000516176,True
jev,S01-A,1,cancel_first,KEEP,KEEP,True,0.0,1.0,,0.2281213000023854,True
jev,S04-D,1,keep_first,CANCEL,CANCEL,True,1.0,0.0,,0.13922399999864865,True
jev,T02-C,1,keep_first,KEEP,KEEP,True,0.01,0.99,,0.1445298999969964,True
jev,T04-D,1,cancel_first,CANCEL,CANCEL,True,1.0,0.0,,0.13246480000088923,True
jev,S02-A,1,cancel_first,KEEP,KEEP,True,0.0,1.0,,0.14682999999786261,True
jev,Q02-A,1,keep_first,KEEP,KEEP,True,0.0,1.0,,0.12618270000530174,True
jev,Q03-A,1,cancel_first,KEEP,KEEP,True,0.03,0.97,,0.1641373999955249,True
jev,S02-A,1,keep_first,KEEP,KEEP,True,0.0,1.0,,0.12062709999736398,True
jev,Q02-C,1,cancel_first,KEEP,KEEP,True,0.0,1.0,,0.22817349999968428,True
jev,T01-C,1,cancel_first,KEEP,KEEP,True,0.0,1.0,,0.14552890000049956,True
jev,S03-D,1,cancel_first,CANCEL,CANCEL,True,1.0,0.0,,0.11990659999719355,True
jev,S02-B,1,cancel_first,CANCEL,CANCEL,True,0.99,0.01,,0.14670530000148574,True
jev,Q04-D,1,keep_first,CANCEL,CANCEL,True,1.0,0.0,,0.1618778000047314,True
jev,S01-C,1,keep_first,KEEP,KEEP,True,0.0,1.0,,0.15426960000331746,True
jev,S01-B,1,keep_first,CANCEL,CANCEL,True,1.0,0.0,,0.1501051000013831,True
jev,Q03-D,1,keep_first,CANCEL,CANCEL,True,0.99,0.01,,0.1390605000051437,True
jev,T02-B,1,cancel_first,CANCEL,CANCEL,True,0.99,0.01,,0.1595279999964987,True
jev,T04-D,1,keep_first,CANCEL,CANCEL,True,1.0,0.0,,0.11932919999526348,True
jev,Q01-B,1,keep_first,CANCEL,CANCEL,True,1.0,0.0,,0.1344667000012123,True
jev,T02-A,1,cancel_first,KEEP,KEEP,True,0.0,1.0,,0.12899340000149095,True
jev,S01-D,1,cancel_first,CANCEL,CANCEL,True,1.0,0.0,,0.18623379999917233,True
jev,S01-B,1,cancel_first,CANCEL,CANCEL,True,1.0,0.0,,0.12404860000242479,True
jev,Q03-C,1,keep_first,KEEP,KEEP,True,0.01,0.99,,0.12948450000112643,True
jev,T03-B,1,cancel_first,CANCEL,CANCEL,True,1.0,0.0,,0.1403747000003932,True
jev,T01-A,1,cancel_first,KEEP,KEEP,True,0.0,1.0,,0.14995099999941885,True
jev,T03-A,1,keep_first,KEEP,KEEP,True,0.0,1.0,,0.1241742999991402,True
jev,Q01-D,1,keep_first,CANCEL,CANCEL,True,1.0,0.0,,0.1780473999970127,True
jev,T03-D,1,cancel_first,CANCEL,CANCEL,True,1.0,0.0,,0.2561396000019158,True
jev,S04-C,1,cancel_first,KEEP,KEEP,True,0.0,1.0,,0.15433040000061737,True
jev,T03-A,1,cancel_first,KEEP,KEEP,True,0.0,1.0,,0.162979799999448,True
jev,Q03-B,1,keep_first,CANCEL,CANCEL,True,0.98,0.02,,0.1712956999981543,True
jev,Q04-B,1,keep_first,CANCEL,CANCEL,True,1.0,0.0,,0.13752560000284575,True
qwen,T02-D,0,keep_first,CANCEL,CANCEL,True,1.0,9.86286180222444e-15,1.0000000000000098,0.257712900005572,True
qwen,T01-C,0,keep_first,KEEP,KEEP,True,6.825602838489431e-08,0.9999998807907104,0.9999999490467388,0.046651100004964974,True
qwen,Q03-A,0,keep_first,KEEP,KEEP,True,0.2689414322376251,0.7310585379600525,0.9999999701976776,0.046675400000822265,True
qwen,T03-D,0,keep_first,CANCEL,CANCEL,True,1.0,2.365977659830095e-14,1.0000000000000238,0.04578110000147717,True
qwen,T01-D,0,keep_first,CANCEL,CANCEL,True,1.0,2.0879678940140776e-14,1.0000000000000209,0.04593580000073416,True
qwen,S02-B,0,keep_first,CANCEL,KEEP,False,5.829126530443318e-05,0.9999417066574097,0.9999999979227141,0.04715840000426397,True
qwen,S02-C,0,keep_first,KEEP,KEEP,True,2.061153470123145e-09,1.0,1.0000000020611535,0.05085500000132015,True
qwen,T03-A,0,keep_first,KEEP,KEEP,True,0.00020342697098385543,0.9997965693473816,0.9999999963183654,0.05335889999696519,True
qwen,T04-C,0,cancel_first,KEEP,KEEP,True,8.878265418850451e-13,1.0,1.0000000000008877,0.05047319999721367,True
qwen,S03-A,0,keep_first,KEEP,CANCEL,False,1.0,2.2447771723041465e-13,1.0000000000002245,0.0501284999991185,True
qwen,Q02-B,0,cancel_first,CANCEL,CANCEL,True,1.0,2.2897348947448215e-11,1.0000000000228972,0.05179290000523906,True
qwen,S02-B,0,cancel_first,CANCEL,KEEP,False,4.363462480228009e-09,1.0,1.0000000043634625,0.04758099999889964,True
qwen,S03-B,0,keep_first,CANCEL,CANCEL,True,1.0,1.5428111533547645e-13,1.0000000000001543,0.04649210000206949,True
qwen,T02-D,0,cancel_first,CANCEL,CANCEL,True,1.0,8.878265418850451e-13,1.0000000000008877,0.04712660000222968,True
qwen,S04-A,0,cancel_first,KEEP,CANCEL,False,0.9998766183853149,0.00012339458044152707,1.0000000129657565,0.04632169999968028,True
qwen,Q01-B,0,keep_first,CANCEL,CANCEL,True,1.0,3.9008374438584403e-14,1.000000000000039,0.04720890000317013,True
qwen,Q01-D,0,cancel_first,CANCEL,CANCEL,True,1.0,6.224144116773189e-11,1.0000000000622415,0.04643740000028629,True
qwen,S03-C,0,cancel_first,KEEP,CANCEL,False,1.0,5.905304023556823e-10,1.0000000005905303,0.046206499995605554,True
qwen,S02-D,0,cancel_first,CANCEL,KEEP,False,0.0024726232513785362,0.9975274205207825,1.000000043772161,0.04780459999892628,True
qwen,S01-B,0,keep_first,CANCEL,CANCEL,True,1.0,1.493094675675266e-10,1.0000000001493095,0.04617780000262428,True
qwen,Q02-A,0,keep_first,KEEP,KEEP,True,7.99195987166712e-11,1.0,1.0000000000799196,0.04991709999740124,True
qwen,S04-A,0,keep_first,KEEP,CANCEL,False,0.9046505093574524,0.09534946084022522,0.9999998360872269,0.046656099999381695,True
qwen,T03-D,0,cancel_first,CANCEL,CANCEL,True,1.0,7.433680407342713e-12,1.0000000000074336,0.04992900000070222,True
qwen,T04-A,0,cancel_first,KEEP,KEEP,True,5.008774495965547e-14,1.0,1.0000000000000502,0.050137500002165325,True
qwen,S01-C,0,cancel_first,KEEP,CANCEL,False,1.0,3.3982678893096363e-09,1.000000003398268,0.05066470000019763,True
qwen,T04-C,0,keep_first,KEEP,KEEP,True,7.889262633398175e-06,0.9999921321868896,1.000000021449523,0.05040230000304291,True
qwen,S01-C,0,keep_first,KEEP,CANCEL,False,1.0,4.139937814784389e-08,1.0000000413993781,0.04999819999648025,True
qwen,T04-B,0,keep_first,CANCEL,CANCEL,True,1.0,1.62611098224923e-14,1.0000000000000162,0.05062550000002375,True
qwen,S01-D,0,cancel_first,CANCEL,CANCEL,True,1.0,1.2501528701136522e-09,1.0000000012501529,0.04956599999422906,True
qwen,T01-C,0,cancel_first,KEEP,KEEP,True,7.835042293777295e-13,1.0,1.0000000000007836,0.047161700000287965,True
qwen,S03-D,0,cancel_first,CANCEL,CANCEL,True,1.0,1.0815941892117209e-11,1.000000000010816,0.04558550000365358,True
qwen,S04-D,0,keep_first,CANCEL,CANCEL,True,0.9999998807907104,1.1253516163378663e-07,0.9999999933258721,0.045536099998571444,True
qwen,Q03-B,0,keep_first,CANCEL,CANCEL,True,1.0,2.510999053129126e-08,1.0000000251099905,0.04743929999676766,True
qwen,S03-C,0,keep_first,KEEP,CANCEL,False,1.0,7.287724433256357e-14,1.0000000000000728,0.045726999996986706,True
qwen,S02-D,0,keep_first,CANCEL,CANCEL,True,0.9999417066574097,5.829126530443318e-05,0.9999999979227141,0.04631640000297921,True
qwen,Q01-A,0,keep_first,KEEP,KEEP,True,5.905304023556823e-10,1.0,1.0000000005905303,0.04584929999691667,True
qwen,T01-B,0,keep_first,CANCEL,CANCEL,True,1.0,5.279209923760627e-15,1.0000000000000053,0.04607470000337344,True
qwen,S04-B,0,cancel_first,CANCEL,CANCEL,True,1.0,2.061153470123145e-09,1.0000000020611535,0.04564319999917643,True
qwen,T03-B,0,cancel_first,CANCEL,CANCEL,True,0.9999995231628418,5.043474402555148e-07,1.000000027510282,0.04572840000037104,True
qwen,T04-D,0,keep_first,CANCEL,CANCEL,True,1.0,9.357622912219837e-14,1.0000000000000935,0.046217700000852346,True
qwen,Q01-C,0,cancel_first,KEEP,KEEP,True,1.1399918552548738e-12,1.0,1.00000000000114,0.04624540000077104,True
qwen,S01-B,0,cancel_first,CANCEL,CANCEL,True,1.0,4.363462480228009e-09,1.0000000043634625,0.045465200004400685,True
qwen,Q03-B,0,cancel_first,CANCEL,CANCEL,True,0.9999985694885254,1.370957193103095e-06,0.9999999404457185,0.04790159999538446,True
qwen,T02-C,0,keep_first,KEEP,KEEP,True,2.940077695190446e-11,1.0,1.0000000000294007,0.045748700002150144,True
qwen,S04-B,0,keep_first,CANCEL,CANCEL,True,1.0,9.545034901359273e-12,1.000000000009545,0.04493219999858411,True
qwen,S02-C,0,cancel_first,KEEP,KEEP,True,6.101936989542922e-13,1.0,1.0000000000006102,0.045649300001969095,True
qwen,T04-B,0,cancel_first,CANCEL,CANCEL,True,1.0,7.99195987166712e-11,1.0000000000799196,0.0455394000018714,True
qwen,Q02-D,0,keep_first,CANCEL,CANCEL,True,1.0,1.5428111533547645e-13,1.0000000000001543,0.04899010000372073,True
qwen,T04-D,0,cancel_first,CANCEL,CANCEL,True,0.9999251365661621,7.48462334740907e-05,0.9999999827996362,0.04555420000542654,True
qwen,Q02-B,0,keep_first,CANCEL,CANCEL,True,1.0,6.431393774746635e-14,1.0000000000000644,0.048935300001176074,True
qwen,Q02-C,0,keep_first,KEEP,KEEP,True,1.2501528701136522e-09,1.0,1.0000000012501529,0.04848760000459151,True
qwen,Q02-C,0,cancel_first,KEEP,KEEP,True,8.315280410897685e-07,0.9999991655349731,0.9999999970630142,0.0511188000018592,True
qwen,S04-C,0,keep_first,KEEP,CANCEL,False,0.9980732202529907,0.0019267346942797303,0.9999997160630301,0.045435800006089266,True
qwen,Q03-C,0,keep_first,KEEP,KEEP,True,1.0815941892117209e-11,1.0,1.000000000010816,0.04603349999524653,True
qwen,S04-C,0,cancel_first,KEEP,CANCEL,False,1.0,2.510999053129126e-08,1.0000000251099905,0.04498020000028191,True
qwen,Q01-B,0,cancel_first,CANCEL,CANCEL,True,1.0,1.1628233792526643e-10,1.0000000001162823,0.04875779999565566,True
qwen,Q04-C,0,cancel_first,KEEP,KEEP,True,7.99195987166712e-11,1.0,1.0000000000799196,0.049109400002635084,True
qwen,T01-A,0,keep_first,KEEP,KEEP,True,1.0261879540562902e-10,1.0,1.0000000001026188,0.04985640000086278,True
qwen,T03-C,0,cancel_first,KEEP,KEEP,True,9.357622912219837e-14,1.0,1.0000000000000935,0.05016740000428399,True
qwen,S01-A,0,cancel_first,KEEP,KEEP,True,0.037326883524656296,0.9626730680465698,0.9999999515712261,0.04956619999575196,True
qwen,Q03-C,0,cancel_first,KEEP,KEEP,True,1.7482341258239636e-13,1.0,1.0000000000001747,0.0468237000022782,True
qwen,S02-A,0,keep_first,KEEP,KEEP,True,8.423464183116014e-12,1.0,1.0000000000084235,0.04638249999698019,True
qwen,T02-A,0,keep_first,KEEP,KEEP,True,4.5990555808117506e-10,1.0,1.0000000004599054,0.04525209999701474,True
qwen,Q04-D,0,keep_first,CANCEL,CANCEL,True,1.0,4.75219310517444e-13,1.0000000000004752,0.04629900000145426,True
qwen,Q02-A,0,cancel_first,KEEP,KEEP,True,2.734698101650168e-12,1.0,1.0000000000027347,0.04852210000535706,True
qwen,Q01-A,0,cancel_first,KEEP,KEEP,True,2.5436656904062604e-13,1.0,1.0000000000002545,0.04582459999801358,True
qwen,T01-D,0,cancel_first,CANCEL,CANCEL,True,1.0,3.775134718719819e-11,1.0000000000377514,0.045687800004088785,True
qwen,T02-A,0,cancel_first,KEEP,KEEP,True,1.7482341258239636e-13,1.0,1.0000000000001747,0.05082889999903273,True
qwen,T04-A,0,keep_first,KEEP,KEEP,True,6.914400150527522e-13,1.0,1.0000000000006914,0.050394400001096074,True
qwen,Q04-D,0,cancel_first,CANCEL,CANCEL,True,1.0,3.581747953784742e-10,1.0000000003581748,0.05030540000007022,True
qwen,S03-D,0,keep_first,CANCEL,CANCEL,True,1.0,2.365977659830095e-14,1.0000000000000238,0.05076619999454124,True
qwen,S01-D,0,keep_first,CANCEL,CANCEL,True,1.0,5.7893564074651405e-12,1.0000000000057894,0.04813109999668086,True
qwen,S03-A,0,cancel_first,KEEP,CANCEL,False,0.999841570854187,0.00015843621804378927,1.0000000070722308,0.04549750000296626,True
qwen,Q04-A,0,keep_first,KEEP,KEEP,True,1.5229980832032197e-08,1.0,1.0000000152299808,0.045232800002850126,True
qwen,T03-A,0,cancel_first,KEEP,KEEP,True,6.101936989542922e-13,1.0,1.0000000000006102,0.048545300000114366,True
qwen,Q04-A,0,cancel_first,KEEP,KEEP,True,7.433680407342713e-12,1.0,1.0000000000074336,0.04562009999790462,True
qwen,Q04-B,0,cancel_first,CANCEL,CANCEL,True,1.0,9.736200734522527e-10,1.00000000097362,0.045400000002700835,True
qwen,Q03-D,0,cancel_first,CANCEL,CANCEL,True,1.0,1.0261879540562902e-10,1.0000000001026188,0.045591699999931734,True
qwen,T02-B,0,keep_first,CANCEL,CANCEL,True,1.0,5.6756852093598625e-14,1.0000000000000568,0.04978380000102334,True
qwen,T02-B,0,cancel_first,CANCEL,CANCEL,True,1.0,3.775134718719819e-11,1.0000000000377514,0.04989170000044396,True
qwen,T03-B,0,keep_first,CANCEL,CANCEL,True,1.0,1.3615260449021532e-13,1.0000000000001361,0.04976439999882132,True
qwen,Q01-D,0,keep_first,CANCEL,CANCEL,True,1.0,1.62611098224923e-14,1.0000000000000162,0.05008629999792902,True
qwen,S01-A,0,keep_first,KEEP,KEEP,True,0.0011695101857185364,0.9988304972648621,1.0000000074505806,0.04961460000049556,True
qwen,T01-A,0,cancel_first,KEEP,KEEP,True,5.008774495965547e-14,1.0,1.0000000000000502,0.04888750000100117,True
qwen,S02-A,0,cancel_first,KEEP,KEEP,True,8.258073180356443e-14,1.0,1.0000000000000826,0.04650930000207154,True
qwen,Q04-C,0,keep_first,KEEP,KEEP,True,7.582560135332983e-10,1.0,1.0000000007582561,0.04604549999930896,True
qwen,Q02-D,0,cancel_first,CANCEL,CANCEL,True,1.0,3.3315444153414475e-11,1.0000000000333154,0.04817219999677036,True
qwen,T02-C,0,cancel_first,KEEP,KEEP,True,1.7482341258239636e-13,1.0,1.0000000000001747,0.04557139999815263,True
qwen,S04-D,0,cancel_first,CANCEL,CANCEL,True,1.0,1.1861120086109622e-08,1.00000001186112,0.045979199996509124,True
qwen,Q03-D,0,keep_first,CANCEL,CANCEL,True,1.0,1.3615260449021532e-13,1.0000000000001361,0.046588199998950586,True
qwen,S03-B,0,cancel_first,CANCEL,CANCEL,True,1.0,1.1861120086109622e-08,1.00000001186112,0.04586350000317907,True
qwen,Q04-B,0,keep_first,CANCEL,CANCEL,True,1.0,7.835042293777295e-13,1.0000000000007836,0.04551989999890793,True
qwen,T03-C,0,keep_first,KEEP,KEEP,True,2.1724398668876432e-10,1.0,1.000000000217244,0.045664099998248275,True
qwen,Q01-C,0,keep_first,KEEP,KEEP,True,1.783247334519178e-11,1.0,1.0000000000178324,0.04611819999990985,True
qwen,T01-B,0,cancel_first,CANCEL,CANCEL,True,1.0,6.5602007333354084e-12,1.0000000000065603,0.045830700000806246,True
qwen,Q03-A,0,cancel_first,KEEP,KEEP,True,0.09534946084022522,0.9046505093574524,0.9999998360872269,0.04711729999689851,True
qwen,S04-D,1,cancel_first,CANCEL,CANCEL,True,1.0,1.1861120086109622e-08,1.00000001186112,0.0529132000010577,True
qwen,T02-D,1,cancel_first,CANCEL,CANCEL,True,1.0,8.878265418850451e-13,1.0000000000008877,0.051194799998484086,True
qwen,Q04-A,1,cancel_first,KEEP,KEEP,True,7.433680407342713e-12,1.0,1.0000000000074336,0.05041779999737628,True
qwen,T03-B,1,keep_first,CANCEL,CANCEL,True,1.0,1.3615260449021532e-13,1.0000000000001361,0.0496428000042215,True
qwen,Q02-B,1,keep_first,CANCEL,CANCEL,True,1.0,6.431393774746635e-14,1.0000000000000644,0.051954599999589846,True
qwen,T01-B,1,keep_first,CANCEL,CANCEL,True,1.0,5.279209923760627e-15,1.0000000000000053,0.04592439999396447,True
qwen,Q02-C,1,keep_first,KEEP,KEEP,True,1.2501528701136522e-09,1.0,1.0000000012501529,0.049426300000050105,True
qwen,S01-A,1,keep_first,KEEP,KEEP,True,0.0011695101857185364,0.9988304972648621,1.0000000074505806,0.04544540000642883,True
qwen,Q02-B,1,cancel_first,CANCEL,CANCEL,True,1.0,2.2897348947448215e-11,1.0000000000228972,0.04886679999617627,True
qwen,S03-C,1,keep_first,KEEP,CANCEL,False,1.0,7.287724433256357e-14,1.0000000000000728,0.04559989999688696,True
qwen,S02-D,1,keep_first,CANCEL,CANCEL,True,0.9999417066574097,5.829126530443318e-05,0.9999999979227141,0.04564500000560656,True
qwen,Q04-C,1,cancel_first,KEEP,KEEP,True,7.99195987166712e-11,1.0,1.0000000000799196,0.04533600000286242,True
qwen,S04-A,1,cancel_first,KEEP,CANCEL,False,0.9998766183853149,0.00012339458044152707,1.0000000129657565,0.04731750000064494,True
qwen,S01-D,1,keep_first,CANCEL,CANCEL,True,1.0,5.7893564074651405e-12,1.0000000000057894,0.04565849999926286,True
qwen,S04-C,1,keep_first,KEEP,CANCEL,False,0.9980732202529907,0.0019267346942797303,0.9999997160630301,0.04762269999628188,True
qwen,S03-B,1,cancel_first,CANCEL,CANCEL,True,1.0,1.1861120086109622e-08,1.00000001186112,0.05047210000338964,True
qwen,S02-D,1,cancel_first,CANCEL,KEEP,False,0.0024726232513785362,0.9975274205207825,1.000000043772161,0.055508600002212916,True
qwen,S02-C,1,keep_first,KEEP,KEEP,True,2.061153470123145e-09,1.0,1.0000000020611535,0.05676990000210935,True
qwen,T04-B,1,keep_first,CANCEL,CANCEL,True,1.0,1.62611098224923e-14,1.0000000000000162,0.05142879999766592,True
qwen,S03-B,1,keep_first,CANCEL,CANCEL,True,1.0,1.5428111533547645e-13,1.0000000000001543,0.046987399997306056,True
qwen,T01-C,1,keep_first,KEEP,KEEP,True,6.825602838489431e-08,0.9999998807907104,0.9999999490467388,0.04613220000464935,True
qwen,S01-C,1,cancel_first,KEEP,CANCEL,False,1.0,3.3982678893096363e-09,1.000000003398268,0.04836800000339281,True
qwen,Q01-D,1,cancel_first,CANCEL,CANCEL,True,1.0,6.224144116773189e-11,1.0000000000622415,0.04584080000495305,True
qwen,T01-B,1,cancel_first,CANCEL,CANCEL,True,1.0,6.5602007333354084e-12,1.0000000000065603,0.045456200001353864,True
qwen,S04-B,1,keep_first,CANCEL,CANCEL,True,1.0,9.545034901359273e-12,1.000000000009545,0.045804599998518825,True
qwen,T02-A,1,keep_first,KEEP,KEEP,True,4.5990555808117506e-10,1.0,1.0000000004599054,0.0454676000008476,True
qwen,Q01-C,1,keep_first,KEEP,KEEP,True,1.783247334519178e-11,1.0,1.0000000000178324,0.046027299998968374,True
qwen,T04-A,1,keep_first,KEEP,KEEP,True,6.914400150527522e-13,1.0,1.0000000000006914,0.04603869999846211,True
qwen,Q04-A,1,keep_first,KEEP,KEEP,True,1.5229980832032197e-08,1.0,1.0000000152299808,0.04575250000198139,True
qwen,S03-D,1,keep_first,CANCEL,CANCEL,True,1.0,2.365977659830095e-14,1.0000000000000238,0.04545270000380697,True
qwen,Q04-D,1,cancel_first,CANCEL,CANCEL,True,1.0,3.581747953784742e-10,1.0000000003581748,0.045388099999399856,True
qwen,S03-C,1,cancel_first,KEEP,CANCEL,False,1.0,5.905304023556823e-10,1.0000000005905303,0.045368000006419607,True
qwen,T04-A,1,cancel_first,KEEP,KEEP,True,5.008774495965547e-14,1.0,1.0000000000000502,0.04503629999817349,True
qwen,Q02-D,1,cancel_first,CANCEL,CANCEL,True,1.0,3.3315444153414475e-11,1.0000000000333154,0.04845429999841144,True
qwen,S03-A,1,cancel_first,KEEP,CANCEL,False,0.999841570854187,0.00015843621804378927,1.0000000070722308,0.045550499999080785,True
qwen,Q03-C,1,cancel_first,KEEP,KEEP,True,1.7482341258239636e-13,1.0,1.0000000000001747,0.04739420000259997,True
qwen,Q01-C,1,cancel_first,KEEP,KEEP,True,1.1399918552548738e-12,1.0,1.00000000000114,0.0461317000008421,True
qwen,T01-A,1,keep_first,KEEP,KEEP,True,1.0261879540562902e-10,1.0,1.0000000001026188,0.04563140000391286,True
qwen,Q02-A,1,cancel_first,KEEP,KEEP,True,2.734698101650168e-12,1.0,1.0000000000027347,0.048509799999010283,True
qwen,S04-A,1,keep_first,KEEP,CANCEL,False,0.9046505093574524,0.09534946084022522,0.9999998360872269,0.04562240000086604,True
qwen,T03-C,1,keep_first,KEEP,KEEP,True,2.1724398668876432e-10,1.0,1.000000000217244,0.04525709999870742,True
qwen,S02-B,1,keep_first,CANCEL,KEEP,False,5.829126530443318e-05,0.9999417066574097,0.9999999979227141,0.0460903999992297,True
qwen,T01-D,1,keep_first,CANCEL,CANCEL,True,1.0,2.0879678940140776e-14,1.0000000000000209,0.0457308999975794,True
qwen,Q03-D,1,cancel_first,CANCEL,CANCEL,True,1.0,1.0261879540562902e-10,1.0000000001026188,0.048361599998315796,True
qwen,Q01-A,1,keep_first,KEEP,KEEP,True,5.905304023556823e-10,1.0,1.0000000005905303,0.04618499999924097,True
qwen,S04-B,1,cancel_first,CANCEL,CANCEL,True,1.0,2.061153470123145e-09,1.0000000020611535,0.04629949999798555,True
qwen,T02-C,1,cancel_first,KEEP,KEEP,True,1.7482341258239636e-13,1.0,1.0000000000001747,0.04647040000418201,True
qwen,T04-C,1,keep_first,KEEP,KEEP,True,7.889262633398175e-06,0.9999921321868896,1.000000021449523,0.04593880000174977,True
qwen,T01-D,1,cancel_first,CANCEL,CANCEL,True,1.0,3.775134718719819e-11,1.0000000000377514,0.04696479999984149,True
qwen,S03-A,1,keep_first,KEEP,CANCEL,False,1.0,2.2447771723041465e-13,1.0000000000002245,0.045936199996504,True
qwen,T02-B,1,keep_first,CANCEL,CANCEL,True,1.0,5.6756852093598625e-14,1.0000000000000568,0.04659890000039013,True
qwen,Q04-C,1,keep_first,KEEP,KEEP,True,7.582560135332983e-10,1.0,1.0000000007582561,0.046933400000853,True
qwen,Q04-B,1,cancel_first,CANCEL,CANCEL,True,1.0,9.736200734522527e-10,1.00000000097362,0.04705370000010589,True
qwen,T04-B,1,cancel_first,CANCEL,CANCEL,True,1.0,7.99195987166712e-11,1.0000000000799196,0.04635679999773856,True
qwen,Q03-A,1,keep_first,KEEP,KEEP,True,0.2689414322376251,0.7310585379600525,0.9999999701976776,0.046041200002946425,True
qwen,Q02-D,1,keep_first,CANCEL,CANCEL,True,1.0,1.5428111533547645e-13,1.0000000000001543,0.04923330000019632,True
qwen,S02-C,1,cancel_first,KEEP,KEEP,True,6.101936989542922e-13,1.0,1.0000000000006102,0.04605499999888707,True
qwen,T03-C,1,cancel_first,KEEP,KEEP,True,9.357622912219837e-14,1.0,1.0000000000000935,0.04680479999660747,True
qwen,Q01-B,1,cancel_first,CANCEL,CANCEL,True,1.0,1.1628233792526643e-10,1.0000000001162823,0.05115729999670293,True
qwen,Q03-B,1,cancel_first,CANCEL,CANCEL,True,0.9999985694885254,1.370957193103095e-06,0.9999999404457185,0.05039019999821903,True
qwen,Q01-A,1,cancel_first,KEEP,KEEP,True,2.5436656904062604e-13,1.0,1.0000000000002545,0.05236900000454625,True
qwen,T02-D,1,keep_first,CANCEL,CANCEL,True,1.0,9.86286180222444e-15,1.0000000000000098,0.05534030000126222,True
qwen,T04-C,1,cancel_first,KEEP,KEEP,True,8.878265418850451e-13,1.0,1.0000000000008877,0.05120319999696221,True
qwen,T03-D,1,keep_first,CANCEL,CANCEL,True,1.0,2.365977659830095e-14,1.0000000000000238,0.04507900000317022,True
qwen,S01-A,1,cancel_first,KEEP,KEEP,True,0.037326883524656296,0.9626730680465698,0.9999999515712261,0.045397400004731026,True
qwen,S04-D,1,keep_first,CANCEL,CANCEL,True,0.9999998807907104,1.1253516163378663e-07,0.9999999933258721,0.047904499995638616,True
qwen,T02-C,1,keep_first,KEEP,KEEP,True,2.940077695190446e-11,1.0,1.0000000000294007,0.045731999998679385,True
qwen,T04-D,1,cancel_first,CANCEL,CANCEL,True,0.9999251365661621,7.48462334740907e-05,0.9999999827996362,0.04516999999759719,True
qwen,S02-A,1,cancel_first,KEEP,KEEP,True,8.258073180356443e-14,1.0,1.0000000000000826,0.04580369999894174,True
qwen,Q02-A,1,keep_first,KEEP,KEEP,True,7.99195987166712e-11,1.0,1.0000000000799196,0.04889440000260947,True
qwen,Q03-A,1,cancel_first,KEEP,KEEP,True,0.09534946084022522,0.9046505093574524,0.9999998360872269,0.045652399996470194,True
qwen,S02-A,1,keep_first,KEEP,KEEP,True,8.423464183116014e-12,1.0,1.0000000000084235,0.04572179999377113,True
qwen,Q02-C,1,cancel_first,KEEP,KEEP,True,8.315280410897685e-07,0.9999991655349731,0.9999999970630142,0.048725299995567184,True
qwen,T01-C,1,cancel_first,KEEP,KEEP,True,7.835042293777295e-13,1.0,1.0000000000007836,0.0460665999999037,True
qwen,S03-D,1,cancel_first,CANCEL,CANCEL,True,1.0,1.0815941892117209e-11,1.000000000010816,0.045877599994128104,True
qwen,S02-B,1,cancel_first,CANCEL,KEEP,False,4.363462480228009e-09,1.0,1.0000000043634625,0.04947340000217082,True
qwen,Q04-D,1,keep_first,CANCEL,CANCEL,True,1.0,4.75219310517444e-13,1.0000000000004752,0.05284319999918807,True
qwen,S01-C,1,keep_first,KEEP,CANCEL,False,1.0,4.139937814784389e-08,1.0000000413993781,0.05249119999643881,True
qwen,S01-B,1,keep_first,CANCEL,CANCEL,True,1.0,1.493094675675266e-10,1.0000000001493095,0.05216440000367584,True
qwen,Q03-D,1,keep_first,CANCEL,CANCEL,True,1.0,1.3615260449021532e-13,1.0000000000001361,0.04799459999776445,True
qwen,T02-B,1,cancel_first,CANCEL,CANCEL,True,1.0,3.775134718719819e-11,1.0000000000377514,0.047107800004596356,True
qwen,T04-D,1,keep_first,CANCEL,CANCEL,True,1.0,9.357622912219837e-14,1.0000000000000935,0.04608130000269739,True
qwen,Q01-B,1,keep_first,CANCEL,CANCEL,True,1.0,3.9008374438584403e-14,1.000000000000039,0.04619950000051176,True
qwen,T02-A,1,cancel_first,KEEP,KEEP,True,1.7482341258239636e-13,1.0,1.0000000000001747,0.045625799997651484,True
qwen,S01-D,1,cancel_first,CANCEL,CANCEL,True,1.0,1.2501528701136522e-09,1.0000000012501529,0.04585489999590209,True
qwen,S01-B,1,cancel_first,CANCEL,CANCEL,True,1.0,4.363462480228009e-09,1.0000000043634625,0.0452750999975251,True
qwen,Q03-C,1,keep_first,KEEP,KEEP,True,1.0815941892117209e-11,1.0,1.000000000010816,0.04557539999950677,True
qwen,T03-B,1,cancel_first,CANCEL,CANCEL,True,0.9999995231628418,5.043474402555148e-07,1.000000027510282,0.04793700000300305,True
qwen,T01-A,1,cancel_first,KEEP,KEEP,True,5.008774495965547e-14,1.0,1.0000000000000502,0.04553479999594856,True
qwen,T03-A,1,keep_first,KEEP,KEEP,True,0.00020342697098385543,0.9997965693473816,0.9999999963183654,0.048349200005759485,True
qwen,Q01-D,1,keep_first,CANCEL,CANCEL,True,1.0,1.62611098224923e-14,1.0000000000000162,0.050948500000231434,True
qwen,T03-D,1,cancel_first,CANCEL,CANCEL,True,1.0,7.433680407342713e-12,1.0000000000074336,0.04996270000265213,True
qwen,S04-C,1,cancel_first,KEEP,CANCEL,False,1.0,2.510999053129126e-08,1.0000000251099905,0.049721499999577645,True
qwen,T03-A,1,cancel_first,KEEP,KEEP,True,6.101936989542922e-13,1.0,1.0000000000006102,0.05007409999961965,True
qwen,Q03-B,1,keep_first,CANCEL,CANCEL,True,1.0,2.510999053129126e-08,1.0000000251099905,0.045298700002604164,True
qwen,Q04-B,1,keep_first,CANCEL,CANCEL,True,1.0,7.835042293777295e-13,1.0000000000007836,0.04548190000059549,True
