arm,parent,id,split,variant,mapping,gold,prediction,correct
N0,current_request-6,current_request-6-missing,exploratory_test,missing,0,INSUFFICIENT,ALLOW,False
N0,owner_scope-1,owner_scope-1-full,development,full,1,ALLOW,DENY,False
N0,claim_binding-4,claim_binding-4-missing,calibration,missing,2,INSUFFICIENT,DENY,False
N0,owner_scope-1,owner_scope-1-full,development,full,2,ALLOW,ALLOW,True
N0,owner_scope-3,owner_scope-3-full,calibration,full,1,ALLOW,DENY,False
N0,current_request-4,current_request-4-full,calibration,full,0,DENY,DENY,True
N0,owner_scope-5,owner_scope-5-missing,exploratory_test,missing,2,INSUFFICIENT,DENY,False
N0,current_request-5,current_request-5-hold,exploratory_test,hold,0,ALLOW,ALLOW,True
N0,current_request-8,current_request-8-missing,exploratory_test,missing,0,INSUFFICIENT,ALLOW,False
N0,owner_scope-8,owner_scope-8-flip,exploratory_test,flip,0,ALLOW,ALLOW,True
N0,current_request-8,current_request-8-missing,exploratory_test,missing,2,INSUFFICIENT,ALLOW,False
N0,owner_scope-8,owner_scope-8-missing,exploratory_test,missing,1,INSUFFICIENT,ALLOW,False
N0,claim_binding-4,claim_binding-4-flip,calibration,flip,0,ALLOW,ALLOW,True
N0,current_request-5,current_request-5-hold,exploratory_test,hold,1,ALLOW,DENY,False
N0,current_request-3,current_request-3-hold,calibration,hold,0,ALLOW,ALLOW,True
N0,owner_scope-5,owner_scope-5-missing,exploratory_test,missing,0,INSUFFICIENT,DENY,False
N0,claim_binding-5,claim_binding-5-full,exploratory_test,full,1,ALLOW,ALLOW,True
N0,claim_binding-8,claim_binding-8-flip,exploratory_test,flip,0,ALLOW,ALLOW,True
N0,claim_binding-6,claim_binding-6-missing,exploratory_test,missing,0,INSUFFICIENT,DENY,False
N0,owner_scope-3,owner_scope-3-flip,calibration,flip,2,DENY,DENY,True
N0,claim_binding-3,claim_binding-3-full,calibration,full,0,ALLOW,ALLOW,True
N0,claim_binding-7,claim_binding-7-full,exploratory_test,full,1,ALLOW,ALLOW,True
N0,owner_scope-7,owner_scope-7-flip,exploratory_test,flip,1,DENY,DENY,True
N0,current_request-8,current_request-8-flip,exploratory_test,flip,0,ALLOW,ALLOW,True
N0,claim_binding-3,claim_binding-3-flip,calibration,flip,2,DENY,DENY,True
N0,claim_binding-5,claim_binding-5-missing,exploratory_test,missing,0,INSUFFICIENT,ALLOW,False
N0,claim_binding-7,claim_binding-7-missing,exploratory_test,missing,1,INSUFFICIENT,DENY,False
N0,claim_binding-1,claim_binding-1-flip,development,flip,1,DENY,DENY,True
N0,current_request-1,current_request-1-missing,development,missing,1,INSUFFICIENT,DENY,False
N0,owner_scope-8,owner_scope-8-hold,exploratory_test,hold,0,DENY,DENY,True
N0,current_request-5,current_request-5-full,exploratory_test,full,1,ALLOW,DENY,False
N0,current_request-3,current_request-3-hold,calibration,hold,2,ALLOW,DENY,False
N0,owner_scope-5,owner_scope-5-full,exploratory_test,full,1,ALLOW,DENY,False
N0,claim_binding-5,claim_binding-5-full,exploratory_test,full,2,ALLOW,ALLOW,True
N0,owner_scope-4,owner_scope-4-flip,calibration,flip,1,ALLOW,DENY,False
N0,claim_binding-5,claim_binding-5-hold,exploratory_test,hold,2,ALLOW,DENY,False
N0,current_request-7,current_request-7-missing,exploratory_test,missing,0,INSUFFICIENT,DENY,False
N0,current_request-4,current_request-4-flip,calibration,flip,2,ALLOW,DENY,False
N0,owner_scope-7,owner_scope-7-missing,exploratory_test,missing,1,INSUFFICIENT,DENY,False
N0,owner_scope-4,owner_scope-4-flip,calibration,flip,2,ALLOW,DENY,False
N0,claim_binding-1,claim_binding-1-flip,development,flip,0,DENY,DENY,True
N0,owner_scope-1,owner_scope-1-missing,development,missing,1,INSUFFICIENT,DENY,False
N0,owner_scope-8,owner_scope-8-hold,exploratory_test,hold,2,DENY,DENY,True
N0,current_request-7,current_request-7-hold,exploratory_test,hold,2,ALLOW,DENY,False
N0,current_request-6,current_request-6-hold,exploratory_test,hold,0,DENY,DENY,True
N0,claim_binding-1,claim_binding-1-hold,development,hold,0,ALLOW,ALLOW,True
N0,current_request-7,current_request-7-missing,exploratory_test,missing,2,INSUFFICIENT,DENY,False
N0,current_request-2,current_request-2-flip,development,flip,0,ALLOW,ALLOW,True
N0,claim_binding-3,claim_binding-3-missing,calibration,missing,0,INSUFFICIENT,ALLOW,False
N0,claim_binding-3,claim_binding-3-flip,calibration,flip,1,DENY,DENY,True
N0,owner_scope-6,owner_scope-6-missing,exploratory_test,missing,2,INSUFFICIENT,ALLOW,False
N0,claim_binding-8,claim_binding-8-full,exploratory_test,full,2,DENY,DENY,True
N0,current_request-3,current_request-3-missing,calibration,missing,1,INSUFFICIENT,DENY,False
N0,claim_binding-1,claim_binding-1-hold,development,hold,2,ALLOW,DENY,False
N0,claim_binding-4,claim_binding-4-hold,calibration,hold,0,DENY,DENY,True
N0,claim_binding-7,claim_binding-7-flip,exploratory_test,flip,1,DENY,DENY,True
N0,claim_binding-8,claim_binding-8-hold,exploratory_test,hold,0,DENY,DENY,True
N0,claim_binding-2,claim_binding-2-missing,development,missing,0,INSUFFICIENT,DENY,False
N0,current_request-2,current_request-2-flip,development,flip,2,ALLOW,ALLOW,True
N0,claim_binding-5,claim_binding-5-missing,exploratory_test,missing,1,INSUFFICIENT,DENY,False
N0,owner_scope-5,owner_scope-5-flip,exploratory_test,flip,2,DENY,DENY,True
N0,owner_scope-6,owner_scope-6-missing,exploratory_test,missing,0,INSUFFICIENT,ALLOW,False
N0,owner_scope-7,owner_scope-7-flip,exploratory_test,flip,0,DENY,DENY,True
N0,claim_binding-1,claim_binding-1-hold,development,hold,1,ALLOW,ALLOW,True
N0,claim_binding-7,claim_binding-7-missing,exploratory_test,missing,2,INSUFFICIENT,DENY,False
N0,claim_binding-7,claim_binding-7-hold,exploratory_test,hold,0,ALLOW,ALLOW,True
N0,owner_scope-5,owner_scope-5-hold,exploratory_test,hold,2,ALLOW,DENY,False
N0,current_request-4,current_request-4-missing,calibration,missing,1,INSUFFICIENT,DENY,False
N0,claim_binding-6,claim_binding-6-missing,exploratory_test,missing,1,INSUFFICIENT,DENY,False
N0,owner_scope-7,owner_scope-7-flip,exploratory_test,flip,2,DENY,DENY,True
N0,current_request-6,current_request-6-full,exploratory_test,full,2,DENY,DENY,True
N0,owner_scope-3,owner_scope-3-missing,calibration,missing,2,INSUFFICIENT,DENY,False
N0,claim_binding-1,claim_binding-1-full,development,full,2,ALLOW,ALLOW,True
N0,claim_binding-3,claim_binding-3-missing,calibration,missing,2,INSUFFICIENT,DENY,False
N0,owner_scope-5,owner_scope-5-flip,exploratory_test,flip,0,DENY,DENY,True
N0,owner_scope-2,owner_scope-2-full,development,full,0,DENY,DENY,True
N0,current_request-1,current_request-1-hold,development,hold,2,ALLOW,ALLOW,True
N0,current_request-3,current_request-3-hold,calibration,hold,1,ALLOW,DENY,False
N0,claim_binding-5,claim_binding-5-flip,exploratory_test,flip,2,DENY,DENY,True
N0,claim_binding-2,claim_binding-2-missing,development,missing,1,INSUFFICIENT,DENY,False
N0,claim_binding-8,claim_binding-8-hold,exploratory_test,hold,2,DENY,DENY,True
N0,owner_scope-4,owner_scope-4-missing,calibration,missing,0,INSUFFICIENT,ALLOW,False
N0,claim_binding-2,claim_binding-2-flip,development,flip,1,ALLOW,DENY,False
N0,owner_scope-3,owner_scope-3-hold,calibration,hold,2,ALLOW,DENY,False
N0,claim_binding-7,claim_binding-7-hold,exploratory_test,hold,2,ALLOW,ALLOW,True
N0,owner_scope-8,owner_scope-8-flip,exploratory_test,flip,1,ALLOW,DENY,False
N0,claim_binding-6,claim_binding-6-full,exploratory_test,full,1,DENY,DENY,True
N0,claim_binding-1,claim_binding-1-full,development,full,1,ALLOW,ALLOW,True
N0,owner_scope-7,owner_scope-7-missing,exploratory_test,missing,0,INSUFFICIENT,DENY,False
N0,owner_scope-3,owner_scope-3-hold,calibration,hold,0,ALLOW,DENY,False
N0,claim_binding-2,claim_binding-2-flip,development,flip,0,ALLOW,ALLOW,True
N0,current_request-4,current_request-4-missing,calibration,missing,2,INSUFFICIENT,ALLOW,False
N0,owner_scope-2,owner_scope-2-full,development,full,2,DENY,DENY,True
N0,owner_scope-2,owner_scope-2-full,development,full,1,DENY,DENY,True
N0,owner_scope-2,owner_scope-2-hold,development,hold,2,DENY,DENY,True
N0,owner_scope-6,owner_scope-6-full,exploratory_test,full,1,DENY,DENY,True
N0,current_request-6,current_request-6-full,exploratory_test,full,1,DENY,DENY,True
N0,claim_binding-4,claim_binding-4-flip,calibration,flip,1,ALLOW,ALLOW,True
N0,owner_scope-1,owner_scope-1-missing,development,missing,0,INSUFFICIENT,DENY,False
N0,current_request-2,current_request-2-full,development,full,0,DENY,DENY,True
N0,owner_scope-1,owner_scope-1-flip,development,flip,0,DENY,DENY,True
N0,current_request-7,current_request-7-hold,exploratory_test,hold,0,ALLOW,ALLOW,True
N0,current_request-5,current_request-5-hold,exploratory_test,hold,2,ALLOW,DENY,False
N0,claim_binding-1,claim_binding-1-full,development,full,0,ALLOW,ALLOW,True
N0,current_request-1,current_request-1-hold,development,hold,1,ALLOW,DENY,False
N0,current_request-8,current_request-8-hold,exploratory_test,hold,1,DENY,DENY,True
N0,current_request-4,current_request-4-hold,calibration,hold,2,DENY,DENY,True
N0,owner_scope-8,owner_scope-8-missing,exploratory_test,missing,0,INSUFFICIENT,ALLOW,False
N0,current_request-8,current_request-8-hold,exploratory_test,hold,2,DENY,DENY,True
N0,owner_scope-2,owner_scope-2-flip,development,flip,1,ALLOW,DENY,False
N0,owner_scope-1,owner_scope-1-flip,development,flip,2,DENY,DENY,True
N0,owner_scope-8,owner_scope-8-full,exploratory_test,full,0,DENY,DENY,True
N0,owner_scope-2,owner_scope-2-flip,development,flip,2,ALLOW,DENY,False
N0,current_request-6,current_request-6-flip,exploratory_test,flip,0,ALLOW,ALLOW,True
N0,claim_binding-3,claim_binding-3-flip,calibration,flip,0,DENY,DENY,True
N0,owner_scope-4,owner_scope-4-hold,calibration,hold,1,DENY,DENY,True
N0,current_request-2,current_request-2-full,development,full,1,DENY,DENY,True
N0,current_request-8,current_request-8-flip,exploratory_test,flip,2,ALLOW,ALLOW,True
N0,current_request-2,current_request-2-missing,development,missing,1,INSUFFICIENT,DENY,False
N0,claim_binding-3,claim_binding-3-hold,calibration,hold,0,ALLOW,ALLOW,True
N0,claim_binding-2,claim_binding-2-missing,development,missing,2,INSUFFICIENT,DENY,False
N0,claim_binding-7,claim_binding-7-full,exploratory_test,full,0,ALLOW,ALLOW,True
N0,claim_binding-4,claim_binding-4-missing,calibration,missing,1,INSUFFICIENT,DENY,False
N0,current_request-1,current_request-1-full,development,full,1,ALLOW,DENY,False
N0,current_request-5,current_request-5-full,exploratory_test,full,2,ALLOW,DENY,False
N0,current_request-5,current_request-5-flip,exploratory_test,flip,1,DENY,DENY,True
N0,owner_scope-6,owner_scope-6-missing,exploratory_test,missing,1,INSUFFICIENT,ALLOW,False
N0,owner_scope-5,owner_scope-5-flip,exploratory_test,flip,1,DENY,DENY,True
N0,current_request-2,current_request-2-hold,development,hold,0,DENY,DENY,True
N0,owner_scope-8,owner_scope-8-flip,exploratory_test,flip,2,ALLOW,DENY,False
N0,claim_binding-1,claim_binding-1-missing,development,missing,0,INSUFFICIENT,DENY,False
N0,owner_scope-1,owner_scope-1-full,development,full,0,ALLOW,ALLOW,True
N0,claim_binding-8,claim_binding-8-flip,exploratory_test,flip,2,ALLOW,ALLOW,True
N0,current_request-1,current_request-1-missing,development,missing,0,INSUFFICIENT,DENY,False
N0,claim_binding-5,claim_binding-5-flip,exploratory_test,flip,0,DENY,DENY,True
N0,owner_scope-4,owner_scope-4-hold,calibration,hold,0,DENY,DENY,True
N0,owner_scope-7,owner_scope-7-hold,exploratory_test,hold,1,ALLOW,DENY,False
N0,owner_scope-5,owner_scope-5-hold,exploratory_test,hold,1,ALLOW,DENY,False
N0,owner_scope-6,owner_scope-6-hold,exploratory_test,hold,0,DENY,DENY,True
N0,claim_binding-8,claim_binding-8-hold,exploratory_test,hold,1,DENY,DENY,True
N0,owner_scope-7,owner_scope-7-full,exploratory_test,full,1,ALLOW,DENY,False
N0,current_request-4,current_request-4-hold,calibration,hold,0,DENY,DENY,True
N0,owner_scope-4,owner_scope-4-full,calibration,full,1,DENY,DENY,True
N0,claim_binding-6,claim_binding-6-missing,exploratory_test,missing,2,INSUFFICIENT,DENY,False
N0,owner_scope-7,owner_scope-7-full,exploratory_test,full,0,ALLOW,ALLOW,True
N0,owner_scope-8,owner_scope-8-hold,exploratory_test,hold,1,DENY,DENY,True
N0,owner_scope-2,owner_scope-2-hold,development,hold,1,DENY,DENY,True
N0,claim_binding-2,claim_binding-2-full,development,full,0,DENY,DENY,True
N0,current_request-5,current_request-5-missing,exploratory_test,missing,2,INSUFFICIENT,DENY,False
N0,claim_binding-8,claim_binding-8-missing,exploratory_test,missing,2,INSUFFICIENT,DENY,False
N0,current_request-1,current_request-1-flip,development,flip,0,DENY,DENY,True
N0,claim_binding-4,claim_binding-4-hold,calibration,hold,2,DENY,DENY,True
N0,current_request-4,current_request-4-full,calibration,full,2,DENY,DENY,True
N0,owner_scope-1,owner_scope-1-flip,development,flip,1,DENY,DENY,True
N0,current_request-5,current_request-5-missing,exploratory_test,missing,1,INSUFFICIENT,DENY,False
N0,owner_scope-2,owner_scope-2-missing,development,missing,1,INSUFFICIENT,ALLOW,False
N0,owner_scope-2,owner_scope-2-missing,development,missing,0,INSUFFICIENT,ALLOW,False
N0,claim_binding-6,claim_binding-6-flip,exploratory_test,flip,2,ALLOW,ALLOW,True
N0,current_request-2,current_request-2-hold,development,hold,2,DENY,DENY,True
N0,current_request-3,current_request-3-flip,calibration,flip,2,DENY,DENY,True
N0,current_request-3,current_request-3-full,calibration,full,1,ALLOW,DENY,False
N0,owner_scope-7,owner_scope-7-missing,exploratory_test,missing,2,INSUFFICIENT,DENY,False
N0,current_request-1,current_request-1-flip,development,flip,2,DENY,DENY,True
N0,current_request-2,current_request-2-full,development,full,2,DENY,DENY,True
N0,claim_binding-1,claim_binding-1-missing,development,missing,2,INSUFFICIENT,DENY,False
N0,current_request-7,current_request-7-flip,exploratory_test,flip,0,DENY,DENY,True
N0,current_request-7,current_request-7-hold,exploratory_test,hold,1,ALLOW,DENY,False
N0,claim_binding-3,claim_binding-3-full,calibration,full,2,ALLOW,ALLOW,True
N0,owner_scope-3,owner_scope-3-flip,calibration,flip,1,DENY,DENY,True
N0,owner_scope-6,owner_scope-6-full,exploratory_test,full,0,DENY,DENY,True
N0,claim_binding-4,claim_binding-4-full,calibration,full,2,DENY,DENY,True
N0,owner_scope-6,owner_scope-6-flip,exploratory_test,flip,2,ALLOW,ALLOW,True
N0,claim_binding-7,claim_binding-7-flip,exploratory_test,flip,0,DENY,DENY,True
N0,claim_binding-8,claim_binding-8-missing,exploratory_test,missing,1,INSUFFICIENT,DENY,False
N0,current_request-2,current_request-2-hold,development,hold,1,DENY,DENY,True
N0,claim_binding-5,claim_binding-5-flip,exploratory_test,flip,1,DENY,DENY,True
N0,owner_scope-3,owner_scope-3-full,calibration,full,2,ALLOW,ALLOW,True
N0,current_request-4,current_request-4-flip,calibration,flip,0,ALLOW,ALLOW,True
N0,claim_binding-4,claim_binding-4-flip,calibration,flip,2,ALLOW,DENY,False
N0,current_request-7,current_request-7-full,exploratory_test,full,0,ALLOW,ALLOW,True
N0,claim_binding-4,claim_binding-4-missing,calibration,missing,0,INSUFFICIENT,DENY,False
N0,current_request-7,current_request-7-flip,exploratory_test,flip,2,DENY,DENY,True
N0,claim_binding-6,claim_binding-6-flip,exploratory_test,flip,0,ALLOW,ALLOW,True
N0,owner_scope-4,owner_scope-4-full,calibration,full,0,DENY,DENY,True
N0,claim_binding-2,claim_binding-2-full,development,full,1,DENY,DENY,True
N0,current_request-2,current_request-2-missing,development,missing,2,INSUFFICIENT,ALLOW,False
N0,current_request-8,current_request-8-full,exploratory_test,full,1,DENY,DENY,True
N0,owner_scope-3,owner_scope-3-full,calibration,full,0,ALLOW,DENY,False
N0,current_request-6,current_request-6-hold,exploratory_test,hold,2,DENY,DENY,True
N0,claim_binding-6,claim_binding-6-full,exploratory_test,full,0,DENY,DENY,True
N0,owner_scope-4,owner_scope-4-full,calibration,full,2,DENY,DENY,True
N0,current_request-2,current_request-2-flip,development,flip,1,ALLOW,DENY,False
N0,current_request-1,current_request-1-full,development,full,0,ALLOW,ALLOW,True
N0,claim_binding-5,claim_binding-5-missing,exploratory_test,missing,2,INSUFFICIENT,DENY,False
N0,current_request-1,current_request-1-flip,development,flip,1,DENY,DENY,True
N0,claim_binding-4,claim_binding-4-hold,calibration,hold,1,DENY,DENY,True
N0,claim_binding-4,claim_binding-4-full,calibration,full,0,DENY,DENY,True
N0,claim_binding-1,claim_binding-1-flip,development,flip,2,DENY,DENY,True
N0,current_request-6,current_request-6-flip,exploratory_test,flip,2,ALLOW,ALLOW,True
N0,owner_scope-7,owner_scope-7-hold,exploratory_test,hold,2,ALLOW,DENY,False
N0,owner_scope-3,owner_scope-3-missing,calibration,missing,0,INSUFFICIENT,DENY,False
N0,current_request-3,current_request-3-full,calibration,full,2,ALLOW,DENY,False
N0,owner_scope-5,owner_scope-5-full,exploratory_test,full,2,ALLOW,ALLOW,True
N0,claim_binding-6,claim_binding-6-flip,exploratory_test,flip,1,ALLOW,ALLOW,True
N0,owner_scope-5,owner_scope-5-missing,exploratory_test,missing,1,INSUFFICIENT,DENY,False
N0,owner_scope-8,owner_scope-8-full,exploratory_test,full,2,DENY,DENY,True
N0,current_request-6,current_request-6-missing,exploratory_test,missing,2,INSUFFICIENT,DENY,False
N0,owner_scope-4,owner_scope-4-flip,calibration,flip,0,ALLOW,ALLOW,True
N0,owner_scope-2,owner_scope-2-hold,development,hold,0,DENY,DENY,True
N0,owner_scope-2,owner_scope-2-flip,development,flip,0,ALLOW,ALLOW,True
N0,claim_binding-2,claim_binding-2-hold,development,hold,2,DENY,DENY,True
N0,claim_binding-6,claim_binding-6-full,exploratory_test,full,2,DENY,DENY,True
N0,owner_scope-3,owner_scope-3-flip,calibration,flip,0,DENY,DENY,True
N0,owner_scope-2,owner_scope-2-missing,development,missing,2,INSUFFICIENT,ALLOW,False
N0,owner_scope-4,owner_scope-4-missing,calibration,missing,1,INSUFFICIENT,ALLOW,False
N0,claim_binding-5,claim_binding-5-full,exploratory_test,full,0,ALLOW,ALLOW,True
N0,claim_binding-8,claim_binding-8-full,exploratory_test,full,1,DENY,DENY,True
N0,current_request-8,current_request-8-full,exploratory_test,full,2,DENY,DENY,True
N0,owner_scope-4,owner_scope-4-hold,calibration,hold,2,DENY,DENY,True
N0,owner_scope-4,owner_scope-4-missing,calibration,missing,2,INSUFFICIENT,ALLOW,False
N0,owner_scope-1,owner_scope-1-hold,development,hold,0,ALLOW,DENY,False
N0,current_request-8,current_request-8-hold,exploratory_test,hold,0,DENY,DENY,True
N0,claim_binding-3,claim_binding-3-hold,calibration,hold,1,ALLOW,ALLOW,True
N0,claim_binding-7,claim_binding-7-flip,exploratory_test,flip,2,DENY,DENY,True
N0,claim_binding-3,claim_binding-3-hold,calibration,hold,2,ALLOW,ALLOW,True
N0,claim_binding-6,claim_binding-6-hold,exploratory_test,hold,1,DENY,DENY,True
N0,current_request-4,current_request-4-hold,calibration,hold,1,DENY,DENY,True
N0,current_request-8,current_request-8-missing,exploratory_test,missing,1,INSUFFICIENT,DENY,False
N0,claim_binding-2,claim_binding-2-hold,development,hold,0,DENY,DENY,True
N0,owner_scope-8,owner_scope-8-full,exploratory_test,full,1,DENY,DENY,True
N0,owner_scope-6,owner_scope-6-full,exploratory_test,full,2,DENY,DENY,True
N0,current_request-5,current_request-5-full,exploratory_test,full,0,ALLOW,ALLOW,True
N0,current_request-1,current_request-1-missing,development,missing,2,INSUFFICIENT,DENY,False
N0,current_request-3,current_request-3-missing,calibration,missing,0,INSUFFICIENT,DENY,False
N0,claim_binding-4,claim_binding-4-full,calibration,full,1,DENY,DENY,True
N0,current_request-1,current_request-1-full,development,full,2,ALLOW,ALLOW,True
N0,owner_scope-6,owner_scope-6-hold,exploratory_test,hold,2,DENY,DENY,True
N0,claim_binding-1,claim_binding-1-missing,development,missing,1,INSUFFICIENT,DENY,False
N0,owner_scope-1,owner_scope-1-hold,development,hold,2,ALLOW,DENY,False
N0,current_request-5,current_request-5-missing,exploratory_test,missing,0,INSUFFICIENT,DENY,False
N0,claim_binding-5,claim_binding-5-hold,exploratory_test,hold,0,ALLOW,ALLOW,True
N0,owner_scope-1,owner_scope-1-missing,development,missing,2,INSUFFICIENT,DENY,False
N0,claim_binding-7,claim_binding-7-full,exploratory_test,full,2,ALLOW,ALLOW,True
N0,owner_scope-5,owner_scope-5-full,exploratory_test,full,0,ALLOW,ALLOW,True
N0,claim_binding-2,claim_binding-2-hold,development,hold,1,DENY,DENY,True
N0,claim_binding-2,claim_binding-2-full,development,full,2,DENY,DENY,True
N0,owner_scope-5,owner_scope-5-hold,exploratory_test,hold,0,ALLOW,DENY,False
N0,current_request-8,current_request-8-flip,exploratory_test,flip,1,ALLOW,DENY,False
N0,claim_binding-8,claim_binding-8-missing,exploratory_test,missing,0,INSUFFICIENT,DENY,False
N0,current_request-6,current_request-6-missing,exploratory_test,missing,1,INSUFFICIENT,DENY,False
N0,claim_binding-7,claim_binding-7-hold,exploratory_test,hold,1,ALLOW,ALLOW,True
N0,claim_binding-8,claim_binding-8-full,exploratory_test,full,0,DENY,DENY,True
N0,claim_binding-7,claim_binding-7-missing,exploratory_test,missing,0,INSUFFICIENT,DENY,False
N0,claim_binding-2,claim_binding-2-flip,development,flip,2,ALLOW,DENY,False
N0,current_request-2,current_request-2-missing,development,missing,0,INSUFFICIENT,ALLOW,False
N0,current_request-7,current_request-7-flip,exploratory_test,flip,1,DENY,DENY,True
N0,owner_scope-6,owner_scope-6-flip,exploratory_test,flip,0,ALLOW,DENY,False
N0,current_request-8,current_request-8-full,exploratory_test,full,0,DENY,DENY,True
N0,owner_scope-7,owner_scope-7-full,exploratory_test,full,2,ALLOW,ALLOW,True
N0,current_request-6,current_request-6-full,exploratory_test,full,0,DENY,ALLOW,False
N0,claim_binding-6,claim_binding-6-hold,exploratory_test,hold,2,DENY,DENY,True
N0,claim_binding-3,claim_binding-3-missing,calibration,missing,1,INSUFFICIENT,DENY,False
N0,current_request-7,current_request-7-full,exploratory_test,full,2,ALLOW,ALLOW,True
N0,owner_scope-6,owner_scope-6-hold,exploratory_test,hold,1,DENY,DENY,True
N0,current_request-3,current_request-3-flip,calibration,flip,0,DENY,DENY,True
N0,current_request-5,current_request-5-flip,exploratory_test,flip,2,DENY,DENY,True
N0,owner_scope-8,owner_scope-8-missing,exploratory_test,missing,2,INSUFFICIENT,ALLOW,False
N0,owner_scope-3,owner_scope-3-hold,calibration,hold,1,ALLOW,DENY,False
N0,owner_scope-6,owner_scope-6-flip,exploratory_test,flip,1,ALLOW,DENY,False
N0,current_request-4,current_request-4-full,calibration,full,1,DENY,DENY,True
N0,current_request-7,current_request-7-missing,exploratory_test,missing,1,INSUFFICIENT,DENY,False
N0,current_request-3,current_request-3-missing,calibration,missing,2,INSUFFICIENT,DENY,False
N0,current_request-4,current_request-4-flip,calibration,flip,1,ALLOW,DENY,False
N0,current_request-3,current_request-3-full,calibration,full,0,ALLOW,DENY,False
N0,current_request-6,current_request-6-hold,exploratory_test,hold,1,DENY,DENY,True
N0,claim_binding-6,claim_binding-6-hold,exploratory_test,hold,0,DENY,DENY,True
N0,owner_scope-1,owner_scope-1-hold,development,hold,1,ALLOW,DENY,False
N0,current_request-6,current_request-6-flip,exploratory_test,flip,1,ALLOW,DENY,False
N0,owner_scope-3,owner_scope-3-missing,calibration,missing,1,INSUFFICIENT,DENY,False
N0,current_request-5,current_request-5-flip,exploratory_test,flip,0,DENY,DENY,True
N0,claim_binding-8,claim_binding-8-flip,exploratory_test,flip,1,ALLOW,ALLOW,True
N0,claim_binding-3,claim_binding-3-full,calibration,full,1,ALLOW,ALLOW,True
N0,current_request-3,current_request-3-flip,calibration,flip,1,DENY,DENY,True
N0,owner_scope-7,owner_scope-7-hold,exploratory_test,hold,0,ALLOW,DENY,False
N0,current_request-4,current_request-4-missing,calibration,missing,0,INSUFFICIENT,ALLOW,False
N0,claim_binding-5,claim_binding-5-hold,exploratory_test,hold,1,ALLOW,ALLOW,True
N0,current_request-7,current_request-7-full,exploratory_test,full,1,ALLOW,DENY,False
N0,current_request-1,current_request-1-hold,development,hold,0,ALLOW,ALLOW,True
N1,current_request-6,current_request-6-missing,exploratory_test,missing,0,INSUFFICIENT,ALLOW,False
N1,owner_scope-1,owner_scope-1-full,development,full,1,ALLOW,ALLOW,True
N1,claim_binding-4,claim_binding-4-missing,calibration,missing,2,INSUFFICIENT,DENY,False
N1,owner_scope-1,owner_scope-1-full,development,full,2,ALLOW,ALLOW,True
N1,owner_scope-3,owner_scope-3-full,calibration,full,1,ALLOW,ALLOW,True
N1,current_request-4,current_request-4-full,calibration,full,0,DENY,ALLOW,False
N1,owner_scope-5,owner_scope-5-missing,exploratory_test,missing,2,INSUFFICIENT,DENY,False
N1,current_request-5,current_request-5-hold,exploratory_test,hold,0,ALLOW,ALLOW,True
N1,current_request-8,current_request-8-missing,exploratory_test,missing,0,INSUFFICIENT,ALLOW,False
N1,owner_scope-8,owner_scope-8-flip,exploratory_test,flip,0,ALLOW,ALLOW,True
N1,current_request-8,current_request-8-missing,exploratory_test,missing,2,INSUFFICIENT,INSUFFICIENT,True
N1,owner_scope-8,owner_scope-8-missing,exploratory_test,missing,1,INSUFFICIENT,ALLOW,False
N1,claim_binding-4,claim_binding-4-flip,calibration,flip,0,ALLOW,ALLOW,True
N1,current_request-5,current_request-5-hold,exploratory_test,hold,1,ALLOW,ALLOW,True
N1,current_request-3,current_request-3-hold,calibration,hold,0,ALLOW,ALLOW,True
N1,owner_scope-5,owner_scope-5-missing,exploratory_test,missing,0,INSUFFICIENT,DENY,False
N1,claim_binding-5,claim_binding-5-full,exploratory_test,full,1,ALLOW,ALLOW,True
N1,claim_binding-8,claim_binding-8-flip,exploratory_test,flip,0,ALLOW,ALLOW,True
N1,claim_binding-6,claim_binding-6-missing,exploratory_test,missing,0,INSUFFICIENT,DENY,False
N1,owner_scope-3,owner_scope-3-flip,calibration,flip,2,DENY,DENY,True
N1,claim_binding-3,claim_binding-3-full,calibration,full,0,ALLOW,ALLOW,True
N1,claim_binding-7,claim_binding-7-full,exploratory_test,full,1,ALLOW,ALLOW,True
N1,owner_scope-7,owner_scope-7-flip,exploratory_test,flip,1,DENY,DENY,True
N1,current_request-8,current_request-8-flip,exploratory_test,flip,0,ALLOW,ALLOW,True
N1,claim_binding-3,claim_binding-3-flip,calibration,flip,2,DENY,DENY,True
N1,claim_binding-5,claim_binding-5-missing,exploratory_test,missing,0,INSUFFICIENT,DENY,False
N1,claim_binding-7,claim_binding-7-missing,exploratory_test,missing,1,INSUFFICIENT,DENY,False
N1,claim_binding-1,claim_binding-1-flip,development,flip,1,DENY,DENY,True
N1,current_request-1,current_request-1-missing,development,missing,1,INSUFFICIENT,DENY,False
N1,owner_scope-8,owner_scope-8-hold,exploratory_test,hold,0,DENY,DENY,True
N1,current_request-5,current_request-5-full,exploratory_test,full,1,ALLOW,ALLOW,True
N1,current_request-3,current_request-3-hold,calibration,hold,2,ALLOW,ALLOW,True
N1,owner_scope-5,owner_scope-5-full,exploratory_test,full,1,ALLOW,ALLOW,True
N1,claim_binding-5,claim_binding-5-full,exploratory_test,full,2,ALLOW,ALLOW,True
N1,owner_scope-4,owner_scope-4-flip,calibration,flip,1,ALLOW,ALLOW,True
N1,claim_binding-5,claim_binding-5-hold,exploratory_test,hold,2,ALLOW,ALLOW,True
N1,current_request-7,current_request-7-missing,exploratory_test,missing,0,INSUFFICIENT,DENY,False
N1,current_request-4,current_request-4-flip,calibration,flip,2,ALLOW,ALLOW,True
N1,owner_scope-7,owner_scope-7-missing,exploratory_test,missing,1,INSUFFICIENT,DENY,False
N1,owner_scope-4,owner_scope-4-flip,calibration,flip,2,ALLOW,ALLOW,True
N1,claim_binding-1,claim_binding-1-flip,development,flip,0,DENY,DENY,True
N1,owner_scope-1,owner_scope-1-missing,development,missing,1,INSUFFICIENT,DENY,False
N1,owner_scope-8,owner_scope-8-hold,exploratory_test,hold,2,DENY,DENY,True
N1,current_request-7,current_request-7-hold,exploratory_test,hold,2,ALLOW,ALLOW,True
N1,current_request-6,current_request-6-hold,exploratory_test,hold,0,DENY,DENY,True
N1,claim_binding-1,claim_binding-1-hold,development,hold,0,ALLOW,ALLOW,True
N1,current_request-7,current_request-7-missing,exploratory_test,missing,2,INSUFFICIENT,DENY,False
N1,current_request-2,current_request-2-flip,development,flip,0,ALLOW,ALLOW,True
N1,claim_binding-3,claim_binding-3-missing,calibration,missing,0,INSUFFICIENT,DENY,False
N1,claim_binding-3,claim_binding-3-flip,calibration,flip,1,DENY,DENY,True
N1,owner_scope-6,owner_scope-6-missing,exploratory_test,missing,2,INSUFFICIENT,INSUFFICIENT,True
N1,claim_binding-8,claim_binding-8-full,exploratory_test,full,2,DENY,DENY,True
N1,current_request-3,current_request-3-missing,calibration,missing,1,INSUFFICIENT,DENY,False
N1,claim_binding-1,claim_binding-1-hold,development,hold,2,ALLOW,ALLOW,True
N1,claim_binding-4,claim_binding-4-hold,calibration,hold,0,DENY,DENY,True
N1,claim_binding-7,claim_binding-7-flip,exploratory_test,flip,1,DENY,DENY,True
N1,claim_binding-8,claim_binding-8-hold,exploratory_test,hold,0,DENY,DENY,True
N1,claim_binding-2,claim_binding-2-missing,development,missing,0,INSUFFICIENT,DENY,False
N1,current_request-2,current_request-2-flip,development,flip,2,ALLOW,ALLOW,True
N1,claim_binding-5,claim_binding-5-missing,exploratory_test,missing,1,INSUFFICIENT,DENY,False
N1,owner_scope-5,owner_scope-5-flip,exploratory_test,flip,2,DENY,DENY,True
N1,owner_scope-6,owner_scope-6-missing,exploratory_test,missing,0,INSUFFICIENT,INSUFFICIENT,True
N1,owner_scope-7,owner_scope-7-flip,exploratory_test,flip,0,DENY,DENY,True
N1,claim_binding-1,claim_binding-1-hold,development,hold,1,ALLOW,ALLOW,True
N1,claim_binding-7,claim_binding-7-missing,exploratory_test,missing,2,INSUFFICIENT,DENY,False
N1,claim_binding-7,claim_binding-7-hold,exploratory_test,hold,0,ALLOW,ALLOW,True
N1,owner_scope-5,owner_scope-5-hold,exploratory_test,hold,2,ALLOW,ALLOW,True
N1,current_request-4,current_request-4-missing,calibration,missing,1,INSUFFICIENT,ALLOW,False
N1,claim_binding-6,claim_binding-6-missing,exploratory_test,missing,1,INSUFFICIENT,DENY,False
N1,owner_scope-7,owner_scope-7-flip,exploratory_test,flip,2,DENY,DENY,True
N1,current_request-6,current_request-6-full,exploratory_test,full,2,DENY,DENY,True
N1,owner_scope-3,owner_scope-3-missing,calibration,missing,2,INSUFFICIENT,DENY,False
N1,claim_binding-1,claim_binding-1-full,development,full,2,ALLOW,ALLOW,True
N1,claim_binding-3,claim_binding-3-missing,calibration,missing,2,INSUFFICIENT,DENY,False
N1,owner_scope-5,owner_scope-5-flip,exploratory_test,flip,0,DENY,DENY,True
N1,owner_scope-2,owner_scope-2-full,development,full,0,DENY,DENY,True
N1,current_request-1,current_request-1-hold,development,hold,2,ALLOW,ALLOW,True
N1,current_request-3,current_request-3-hold,calibration,hold,1,ALLOW,ALLOW,True
N1,claim_binding-5,claim_binding-5-flip,exploratory_test,flip,2,DENY,DENY,True
N1,claim_binding-2,claim_binding-2-missing,development,missing,1,INSUFFICIENT,DENY,False
N1,claim_binding-8,claim_binding-8-hold,exploratory_test,hold,2,DENY,DENY,True
N1,owner_scope-4,owner_scope-4-missing,calibration,missing,0,INSUFFICIENT,ALLOW,False
N1,claim_binding-2,claim_binding-2-flip,development,flip,1,ALLOW,ALLOW,True
N1,owner_scope-3,owner_scope-3-hold,calibration,hold,2,ALLOW,ALLOW,True
N1,claim_binding-7,claim_binding-7-hold,exploratory_test,hold,2,ALLOW,ALLOW,True
N1,owner_scope-8,owner_scope-8-flip,exploratory_test,flip,1,ALLOW,ALLOW,True
N1,claim_binding-6,claim_binding-6-full,exploratory_test,full,1,DENY,DENY,True
N1,claim_binding-1,claim_binding-1-full,development,full,1,ALLOW,ALLOW,True
N1,owner_scope-7,owner_scope-7-missing,exploratory_test,missing,0,INSUFFICIENT,INSUFFICIENT,True
N1,owner_scope-3,owner_scope-3-hold,calibration,hold,0,ALLOW,ALLOW,True
N1,claim_binding-2,claim_binding-2-flip,development,flip,0,ALLOW,ALLOW,True
N1,current_request-4,current_request-4-missing,calibration,missing,2,INSUFFICIENT,ALLOW,False
N1,owner_scope-2,owner_scope-2-full,development,full,2,DENY,DENY,True
N1,owner_scope-2,owner_scope-2-full,development,full,1,DENY,DENY,True
N1,owner_scope-2,owner_scope-2-hold,development,hold,2,DENY,DENY,True
N1,owner_scope-6,owner_scope-6-full,exploratory_test,full,1,DENY,DENY,True
N1,current_request-6,current_request-6-full,exploratory_test,full,1,DENY,DENY,True
N1,claim_binding-4,claim_binding-4-flip,calibration,flip,1,ALLOW,ALLOW,True
N1,owner_scope-1,owner_scope-1-missing,development,missing,0,INSUFFICIENT,DENY,False
N1,current_request-2,current_request-2-full,development,full,0,DENY,DENY,True
N1,owner_scope-1,owner_scope-1-flip,development,flip,0,DENY,DENY,True
N1,current_request-7,current_request-7-hold,exploratory_test,hold,0,ALLOW,ALLOW,True
N1,current_request-5,current_request-5-hold,exploratory_test,hold,2,ALLOW,ALLOW,True
N1,claim_binding-1,claim_binding-1-full,development,full,0,ALLOW,ALLOW,True
N1,current_request-1,current_request-1-hold,development,hold,1,ALLOW,ALLOW,True
N1,current_request-8,current_request-8-hold,exploratory_test,hold,1,DENY,DENY,True
N1,current_request-4,current_request-4-hold,calibration,hold,2,DENY,DENY,True
N1,owner_scope-8,owner_scope-8-missing,exploratory_test,missing,0,INSUFFICIENT,INSUFFICIENT,True
N1,current_request-8,current_request-8-hold,exploratory_test,hold,2,DENY,DENY,True
N1,owner_scope-2,owner_scope-2-flip,development,flip,1,ALLOW,ALLOW,True
N1,owner_scope-1,owner_scope-1-flip,development,flip,2,DENY,DENY,True
N1,owner_scope-8,owner_scope-8-full,exploratory_test,full,0,DENY,DENY,True
N1,owner_scope-2,owner_scope-2-flip,development,flip,2,ALLOW,ALLOW,True
N1,current_request-6,current_request-6-flip,exploratory_test,flip,0,ALLOW,ALLOW,True
N1,claim_binding-3,claim_binding-3-flip,calibration,flip,0,DENY,DENY,True
N1,owner_scope-4,owner_scope-4-hold,calibration,hold,1,DENY,DENY,True
N1,current_request-2,current_request-2-full,development,full,1,DENY,DENY,True
N1,current_request-8,current_request-8-flip,exploratory_test,flip,2,ALLOW,ALLOW,True
N1,current_request-2,current_request-2-missing,development,missing,1,INSUFFICIENT,ALLOW,False
N1,claim_binding-3,claim_binding-3-hold,calibration,hold,0,ALLOW,ALLOW,True
N1,claim_binding-2,claim_binding-2-missing,development,missing,2,INSUFFICIENT,DENY,False
N1,claim_binding-7,claim_binding-7-full,exploratory_test,full,0,ALLOW,ALLOW,True
N1,claim_binding-4,claim_binding-4-missing,calibration,missing,1,INSUFFICIENT,DENY,False
N1,current_request-1,current_request-1-full,development,full,1,ALLOW,ALLOW,True
N1,current_request-5,current_request-5-full,exploratory_test,full,2,ALLOW,ALLOW,True
N1,current_request-5,current_request-5-flip,exploratory_test,flip,1,DENY,DENY,True
N1,owner_scope-6,owner_scope-6-missing,exploratory_test,missing,1,INSUFFICIENT,INSUFFICIENT,True
N1,owner_scope-5,owner_scope-5-flip,exploratory_test,flip,1,DENY,DENY,True
N1,current_request-2,current_request-2-hold,development,hold,0,DENY,DENY,True
N1,owner_scope-8,owner_scope-8-flip,exploratory_test,flip,2,ALLOW,ALLOW,True
N1,claim_binding-1,claim_binding-1-missing,development,missing,0,INSUFFICIENT,DENY,False
N1,owner_scope-1,owner_scope-1-full,development,full,0,ALLOW,ALLOW,True
N1,claim_binding-8,claim_binding-8-flip,exploratory_test,flip,2,ALLOW,ALLOW,True
N1,current_request-1,current_request-1-missing,development,missing,0,INSUFFICIENT,DENY,False
N1,claim_binding-5,claim_binding-5-flip,exploratory_test,flip,0,DENY,DENY,True
N1,owner_scope-4,owner_scope-4-hold,calibration,hold,0,DENY,DENY,True
N1,owner_scope-7,owner_scope-7-hold,exploratory_test,hold,1,ALLOW,ALLOW,True
N1,owner_scope-5,owner_scope-5-hold,exploratory_test,hold,1,ALLOW,ALLOW,True
N1,owner_scope-6,owner_scope-6-hold,exploratory_test,hold,0,DENY,DENY,True
N1,claim_binding-8,claim_binding-8-hold,exploratory_test,hold,1,DENY,DENY,True
N1,owner_scope-7,owner_scope-7-full,exploratory_test,full,1,ALLOW,ALLOW,True
N1,current_request-4,current_request-4-hold,calibration,hold,0,DENY,DENY,True
N1,owner_scope-4,owner_scope-4-full,calibration,full,1,DENY,DENY,True
N1,claim_binding-6,claim_binding-6-missing,exploratory_test,missing,2,INSUFFICIENT,DENY,False
N1,owner_scope-7,owner_scope-7-full,exploratory_test,full,0,ALLOW,ALLOW,True
N1,owner_scope-8,owner_scope-8-hold,exploratory_test,hold,1,DENY,DENY,True
N1,owner_scope-2,owner_scope-2-hold,development,hold,1,DENY,DENY,True
N1,claim_binding-2,claim_binding-2-full,development,full,0,DENY,DENY,True
N1,current_request-5,current_request-5-missing,exploratory_test,missing,2,INSUFFICIENT,DENY,False
N1,claim_binding-8,claim_binding-8-missing,exploratory_test,missing,2,INSUFFICIENT,DENY,False
N1,current_request-1,current_request-1-flip,development,flip,0,DENY,DENY,True
N1,claim_binding-4,claim_binding-4-hold,calibration,hold,2,DENY,DENY,True
N1,current_request-4,current_request-4-full,calibration,full,2,DENY,DENY,True
N1,owner_scope-1,owner_scope-1-flip,development,flip,1,DENY,DENY,True
N1,current_request-5,current_request-5-missing,exploratory_test,missing,1,INSUFFICIENT,DENY,False
N1,owner_scope-2,owner_scope-2-missing,development,missing,1,INSUFFICIENT,ALLOW,False
N1,owner_scope-2,owner_scope-2-missing,development,missing,0,INSUFFICIENT,INSUFFICIENT,True
N1,claim_binding-6,claim_binding-6-flip,exploratory_test,flip,2,ALLOW,ALLOW,True
N1,current_request-2,current_request-2-hold,development,hold,2,DENY,DENY,True
N1,current_request-3,current_request-3-flip,calibration,flip,2,DENY,DENY,True
N1,current_request-3,current_request-3-full,calibration,full,1,ALLOW,ALLOW,True
N1,owner_scope-7,owner_scope-7-missing,exploratory_test,missing,2,INSUFFICIENT,DENY,False
N1,current_request-1,current_request-1-flip,development,flip,2,DENY,DENY,True
N1,current_request-2,current_request-2-full,development,full,2,DENY,DENY,True
N1,claim_binding-1,claim_binding-1-missing,development,missing,2,INSUFFICIENT,DENY,False
N1,current_request-7,current_request-7-flip,exploratory_test,flip,0,DENY,ALLOW,False
N1,current_request-7,current_request-7-hold,exploratory_test,hold,1,ALLOW,ALLOW,True
N1,claim_binding-3,claim_binding-3-full,calibration,full,2,ALLOW,ALLOW,True
N1,owner_scope-3,owner_scope-3-flip,calibration,flip,1,DENY,DENY,True
N1,owner_scope-6,owner_scope-6-full,exploratory_test,full,0,DENY,DENY,True
N1,claim_binding-4,claim_binding-4-full,calibration,full,2,DENY,DENY,True
N1,owner_scope-6,owner_scope-6-flip,exploratory_test,flip,2,ALLOW,ALLOW,True
N1,claim_binding-7,claim_binding-7-flip,exploratory_test,flip,0,DENY,DENY,True
N1,claim_binding-8,claim_binding-8-missing,exploratory_test,missing,1,INSUFFICIENT,DENY,False
N1,current_request-2,current_request-2-hold,development,hold,1,DENY,DENY,True
N1,claim_binding-5,claim_binding-5-flip,exploratory_test,flip,1,DENY,DENY,True
N1,owner_scope-3,owner_scope-3-full,calibration,full,2,ALLOW,ALLOW,True
N1,current_request-4,current_request-4-flip,calibration,flip,0,ALLOW,ALLOW,True
N1,claim_binding-4,claim_binding-4-flip,calibration,flip,2,ALLOW,ALLOW,True
N1,current_request-7,current_request-7-full,exploratory_test,full,0,ALLOW,ALLOW,True
N1,claim_binding-4,claim_binding-4-missing,calibration,missing,0,INSUFFICIENT,DENY,False
N1,current_request-7,current_request-7-flip,exploratory_test,flip,2,DENY,ALLOW,False
N1,claim_binding-6,claim_binding-6-flip,exploratory_test,flip,0,ALLOW,ALLOW,True
N1,owner_scope-4,owner_scope-4-full,calibration,full,0,DENY,DENY,True
N1,claim_binding-2,claim_binding-2-full,development,full,1,DENY,DENY,True
N1,current_request-2,current_request-2-missing,development,missing,2,INSUFFICIENT,INSUFFICIENT,True
N1,current_request-8,current_request-8-full,exploratory_test,full,1,DENY,ALLOW,False
N1,owner_scope-3,owner_scope-3-full,calibration,full,0,ALLOW,ALLOW,True
N1,current_request-6,current_request-6-hold,exploratory_test,hold,2,DENY,DENY,True
N1,claim_binding-6,claim_binding-6-full,exploratory_test,full,0,DENY,DENY,True
N1,owner_scope-4,owner_scope-4-full,calibration,full,2,DENY,DENY,True
N1,current_request-2,current_request-2-flip,development,flip,1,ALLOW,ALLOW,True
N1,current_request-1,current_request-1-full,development,full,0,ALLOW,ALLOW,True
N1,claim_binding-5,claim_binding-5-missing,exploratory_test,missing,2,INSUFFICIENT,DENY,False
N1,current_request-1,current_request-1-flip,development,flip,1,DENY,DENY,True
N1,claim_binding-4,claim_binding-4-hold,calibration,hold,1,DENY,DENY,True
N1,claim_binding-4,claim_binding-4-full,calibration,full,0,DENY,DENY,True
N1,claim_binding-1,claim_binding-1-flip,development,flip,2,DENY,DENY,True
N1,current_request-6,current_request-6-flip,exploratory_test,flip,2,ALLOW,ALLOW,True
N1,owner_scope-7,owner_scope-7-hold,exploratory_test,hold,2,ALLOW,ALLOW,True
N1,owner_scope-3,owner_scope-3-missing,calibration,missing,0,INSUFFICIENT,INSUFFICIENT,True
N1,current_request-3,current_request-3-full,calibration,full,2,ALLOW,ALLOW,True
N1,owner_scope-5,owner_scope-5-full,exploratory_test,full,2,ALLOW,ALLOW,True
N1,claim_binding-6,claim_binding-6-flip,exploratory_test,flip,1,ALLOW,ALLOW,True
N1,owner_scope-5,owner_scope-5-missing,exploratory_test,missing,1,INSUFFICIENT,DENY,False
N1,owner_scope-8,owner_scope-8-full,exploratory_test,full,2,DENY,DENY,True
N1,current_request-6,current_request-6-missing,exploratory_test,missing,2,INSUFFICIENT,ALLOW,False
N1,owner_scope-4,owner_scope-4-flip,calibration,flip,0,ALLOW,ALLOW,True
N1,owner_scope-2,owner_scope-2-hold,development,hold,0,DENY,DENY,True
N1,owner_scope-2,owner_scope-2-flip,development,flip,0,ALLOW,ALLOW,True
N1,claim_binding-2,claim_binding-2-hold,development,hold,2,DENY,DENY,True
N1,claim_binding-6,claim_binding-6-full,exploratory_test,full,2,DENY,DENY,True
N1,owner_scope-3,owner_scope-3-flip,calibration,flip,0,DENY,DENY,True
N1,owner_scope-2,owner_scope-2-missing,development,missing,2,INSUFFICIENT,INSUFFICIENT,True
N1,owner_scope-4,owner_scope-4-missing,calibration,missing,1,INSUFFICIENT,ALLOW,False
N1,claim_binding-5,claim_binding-5-full,exploratory_test,full,0,ALLOW,ALLOW,True
N1,claim_binding-8,claim_binding-8-full,exploratory_test,full,1,DENY,DENY,True
N1,current_request-8,current_request-8-full,exploratory_test,full,2,DENY,DENY,True
N1,owner_scope-4,owner_scope-4-hold,calibration,hold,2,DENY,DENY,True
N1,owner_scope-4,owner_scope-4-missing,calibration,missing,2,INSUFFICIENT,INSUFFICIENT,True
N1,owner_scope-1,owner_scope-1-hold,development,hold,0,ALLOW,ALLOW,True
N1,current_request-8,current_request-8-hold,exploratory_test,hold,0,DENY,DENY,True
N1,claim_binding-3,claim_binding-3-hold,calibration,hold,1,ALLOW,ALLOW,True
N1,claim_binding-7,claim_binding-7-flip,exploratory_test,flip,2,DENY,DENY,True
N1,claim_binding-3,claim_binding-3-hold,calibration,hold,2,ALLOW,ALLOW,True
N1,claim_binding-6,claim_binding-6-hold,exploratory_test,hold,1,DENY,DENY,True
N1,current_request-4,current_request-4-hold,calibration,hold,1,DENY,DENY,True
N1,current_request-8,current_request-8-missing,exploratory_test,missing,1,INSUFFICIENT,ALLOW,False
N1,claim_binding-2,claim_binding-2-hold,development,hold,0,DENY,DENY,True
N1,owner_scope-8,owner_scope-8-full,exploratory_test,full,1,DENY,DENY,True
N1,owner_scope-6,owner_scope-6-full,exploratory_test,full,2,DENY,DENY,True
N1,current_request-5,current_request-5-full,exploratory_test,full,0,ALLOW,ALLOW,True
N1,current_request-1,current_request-1-missing,development,missing,2,INSUFFICIENT,DENY,False
N1,current_request-3,current_request-3-missing,calibration,missing,0,INSUFFICIENT,DENY,False
N1,claim_binding-4,claim_binding-4-full,calibration,full,1,DENY,DENY,True
N1,current_request-1,current_request-1-full,development,full,2,ALLOW,ALLOW,True
N1,owner_scope-6,owner_scope-6-hold,exploratory_test,hold,2,DENY,DENY,True
N1,claim_binding-1,claim_binding-1-missing,development,missing,1,INSUFFICIENT,DENY,False
N1,owner_scope-1,owner_scope-1-hold,development,hold,2,ALLOW,ALLOW,True
N1,current_request-5,current_request-5-missing,exploratory_test,missing,0,INSUFFICIENT,DENY,False
N1,claim_binding-5,claim_binding-5-hold,exploratory_test,hold,0,ALLOW,ALLOW,True
N1,owner_scope-1,owner_scope-1-missing,development,missing,2,INSUFFICIENT,DENY,False
N1,claim_binding-7,claim_binding-7-full,exploratory_test,full,2,ALLOW,ALLOW,True
N1,owner_scope-5,owner_scope-5-full,exploratory_test,full,0,ALLOW,ALLOW,True
N1,claim_binding-2,claim_binding-2-hold,development,hold,1,DENY,DENY,True
N1,claim_binding-2,claim_binding-2-full,development,full,2,DENY,DENY,True
N1,owner_scope-5,owner_scope-5-hold,exploratory_test,hold,0,ALLOW,ALLOW,True
N1,current_request-8,current_request-8-flip,exploratory_test,flip,1,ALLOW,ALLOW,True
N1,claim_binding-8,claim_binding-8-missing,exploratory_test,missing,0,INSUFFICIENT,DENY,False
N1,current_request-6,current_request-6-missing,exploratory_test,missing,1,INSUFFICIENT,ALLOW,False
N1,claim_binding-7,claim_binding-7-hold,exploratory_test,hold,1,ALLOW,ALLOW,True
N1,claim_binding-8,claim_binding-8-full,exploratory_test,full,0,DENY,DENY,True
N1,claim_binding-7,claim_binding-7-missing,exploratory_test,missing,0,INSUFFICIENT,DENY,False
N1,claim_binding-2,claim_binding-2-flip,development,flip,2,ALLOW,ALLOW,True
N1,current_request-2,current_request-2-missing,development,missing,0,INSUFFICIENT,ALLOW,False
N1,current_request-7,current_request-7-flip,exploratory_test,flip,1,DENY,DENY,True
N1,owner_scope-6,owner_scope-6-flip,exploratory_test,flip,0,ALLOW,ALLOW,True
N1,current_request-8,current_request-8-full,exploratory_test,full,0,DENY,ALLOW,False
N1,owner_scope-7,owner_scope-7-full,exploratory_test,full,2,ALLOW,ALLOW,True
N1,current_request-6,current_request-6-full,exploratory_test,full,0,DENY,DENY,True
N1,claim_binding-6,claim_binding-6-hold,exploratory_test,hold,2,DENY,DENY,True
N1,claim_binding-3,claim_binding-3-missing,calibration,missing,1,INSUFFICIENT,DENY,False
N1,current_request-7,current_request-7-full,exploratory_test,full,2,ALLOW,ALLOW,True
N1,owner_scope-6,owner_scope-6-hold,exploratory_test,hold,1,DENY,DENY,True
N1,current_request-3,current_request-3-flip,calibration,flip,0,DENY,DENY,True
N1,current_request-5,current_request-5-flip,exploratory_test,flip,2,DENY,DENY,True
N1,owner_scope-8,owner_scope-8-missing,exploratory_test,missing,2,INSUFFICIENT,INSUFFICIENT,True
N1,owner_scope-3,owner_scope-3-hold,calibration,hold,1,ALLOW,ALLOW,True
N1,owner_scope-6,owner_scope-6-flip,exploratory_test,flip,1,ALLOW,ALLOW,True
N1,current_request-4,current_request-4-full,calibration,full,1,DENY,ALLOW,False
N1,current_request-7,current_request-7-missing,exploratory_test,missing,1,INSUFFICIENT,DENY,False
N1,current_request-3,current_request-3-missing,calibration,missing,2,INSUFFICIENT,DENY,False
N1,current_request-4,current_request-4-flip,calibration,flip,1,ALLOW,ALLOW,True
N1,current_request-3,current_request-3-full,calibration,full,0,ALLOW,ALLOW,True
N1,current_request-6,current_request-6-hold,exploratory_test,hold,1,DENY,DENY,True
N1,claim_binding-6,claim_binding-6-hold,exploratory_test,hold,0,DENY,DENY,True
N1,owner_scope-1,owner_scope-1-hold,development,hold,1,ALLOW,ALLOW,True
N1,current_request-6,current_request-6-flip,exploratory_test,flip,1,ALLOW,ALLOW,True
N1,owner_scope-3,owner_scope-3-missing,calibration,missing,1,INSUFFICIENT,DENY,False
N1,current_request-5,current_request-5-flip,exploratory_test,flip,0,DENY,DENY,True
N1,claim_binding-8,claim_binding-8-flip,exploratory_test,flip,1,ALLOW,ALLOW,True
N1,claim_binding-3,claim_binding-3-full,calibration,full,1,ALLOW,ALLOW,True
N1,current_request-3,current_request-3-flip,calibration,flip,1,DENY,DENY,True
N1,owner_scope-7,owner_scope-7-hold,exploratory_test,hold,0,ALLOW,ALLOW,True
N1,current_request-4,current_request-4-missing,calibration,missing,0,INSUFFICIENT,ALLOW,False
N1,claim_binding-5,claim_binding-5-hold,exploratory_test,hold,1,ALLOW,ALLOW,True
N1,current_request-7,current_request-7-full,exploratory_test,full,1,ALLOW,ALLOW,True
N1,current_request-1,current_request-1-hold,development,hold,0,ALLOW,ALLOW,True
K1,current_request-6,current_request-6-missing,exploratory_test,missing,0,INSUFFICIENT,ALLOW,False
K1,owner_scope-1,owner_scope-1-full,development,full,1,ALLOW,ALLOW,True
K1,claim_binding-4,claim_binding-4-missing,calibration,missing,2,INSUFFICIENT,INSUFFICIENT,True
K1,owner_scope-1,owner_scope-1-full,development,full,2,ALLOW,ALLOW,True
K1,owner_scope-3,owner_scope-3-full,calibration,full,1,ALLOW,ALLOW,True
K1,current_request-4,current_request-4-full,calibration,full,0,DENY,ALLOW,False
K1,owner_scope-5,owner_scope-5-missing,exploratory_test,missing,2,INSUFFICIENT,DENY,False
K1,current_request-5,current_request-5-hold,exploratory_test,hold,0,ALLOW,ALLOW,True
K1,current_request-8,current_request-8-missing,exploratory_test,missing,0,INSUFFICIENT,ALLOW,False
K1,owner_scope-8,owner_scope-8-flip,exploratory_test,flip,0,ALLOW,ALLOW,True
K1,current_request-8,current_request-8-missing,exploratory_test,missing,2,INSUFFICIENT,ALLOW,False
K1,owner_scope-8,owner_scope-8-missing,exploratory_test,missing,1,INSUFFICIENT,ALLOW,False
K1,claim_binding-4,claim_binding-4-flip,calibration,flip,0,ALLOW,ALLOW,True
K1,current_request-5,current_request-5-hold,exploratory_test,hold,1,ALLOW,ALLOW,True
K1,current_request-3,current_request-3-hold,calibration,hold,0,ALLOW,ALLOW,True
K1,owner_scope-5,owner_scope-5-missing,exploratory_test,missing,0,INSUFFICIENT,DENY,False
K1,claim_binding-5,claim_binding-5-full,exploratory_test,full,1,ALLOW,ALLOW,True
K1,claim_binding-8,claim_binding-8-flip,exploratory_test,flip,0,ALLOW,ALLOW,True
K1,claim_binding-6,claim_binding-6-missing,exploratory_test,missing,0,INSUFFICIENT,DENY,False
K1,owner_scope-3,owner_scope-3-flip,calibration,flip,2,DENY,DENY,True
K1,claim_binding-3,claim_binding-3-full,calibration,full,0,ALLOW,ALLOW,True
K1,claim_binding-7,claim_binding-7-full,exploratory_test,full,1,ALLOW,ALLOW,True
K1,owner_scope-7,owner_scope-7-flip,exploratory_test,flip,1,DENY,DENY,True
K1,current_request-8,current_request-8-flip,exploratory_test,flip,0,ALLOW,ALLOW,True
K1,claim_binding-3,claim_binding-3-flip,calibration,flip,2,DENY,DENY,True
K1,claim_binding-5,claim_binding-5-missing,exploratory_test,missing,0,INSUFFICIENT,DENY,False
K1,claim_binding-7,claim_binding-7-missing,exploratory_test,missing,1,INSUFFICIENT,DENY,False
K1,claim_binding-1,claim_binding-1-flip,development,flip,1,DENY,DENY,True
K1,current_request-1,current_request-1-missing,development,missing,1,INSUFFICIENT,DENY,False
K1,owner_scope-8,owner_scope-8-hold,exploratory_test,hold,0,DENY,DENY,True
K1,current_request-5,current_request-5-full,exploratory_test,full,1,ALLOW,ALLOW,True
K1,current_request-3,current_request-3-hold,calibration,hold,2,ALLOW,ALLOW,True
K1,owner_scope-5,owner_scope-5-full,exploratory_test,full,1,ALLOW,ALLOW,True
K1,claim_binding-5,claim_binding-5-full,exploratory_test,full,2,ALLOW,ALLOW,True
K1,owner_scope-4,owner_scope-4-flip,calibration,flip,1,ALLOW,ALLOW,True
K1,claim_binding-5,claim_binding-5-hold,exploratory_test,hold,2,ALLOW,ALLOW,True
K1,current_request-7,current_request-7-missing,exploratory_test,missing,0,INSUFFICIENT,DENY,False
K1,current_request-4,current_request-4-flip,calibration,flip,2,ALLOW,ALLOW,True
K1,owner_scope-7,owner_scope-7-missing,exploratory_test,missing,1,INSUFFICIENT,DENY,False
K1,owner_scope-4,owner_scope-4-flip,calibration,flip,2,ALLOW,ALLOW,True
K1,claim_binding-1,claim_binding-1-flip,development,flip,0,DENY,DENY,True
K1,owner_scope-1,owner_scope-1-missing,development,missing,1,INSUFFICIENT,ALLOW,False
K1,owner_scope-8,owner_scope-8-hold,exploratory_test,hold,2,DENY,DENY,True
K1,current_request-7,current_request-7-hold,exploratory_test,hold,2,ALLOW,ALLOW,True
K1,current_request-6,current_request-6-hold,exploratory_test,hold,0,DENY,DENY,True
K1,claim_binding-1,claim_binding-1-hold,development,hold,0,ALLOW,ALLOW,True
K1,current_request-7,current_request-7-missing,exploratory_test,missing,2,INSUFFICIENT,DENY,False
K1,current_request-2,current_request-2-flip,development,flip,0,ALLOW,ALLOW,True
K1,claim_binding-3,claim_binding-3-missing,calibration,missing,0,INSUFFICIENT,DENY,False
K1,claim_binding-3,claim_binding-3-flip,calibration,flip,1,DENY,DENY,True
K1,owner_scope-6,owner_scope-6-missing,exploratory_test,missing,2,INSUFFICIENT,ALLOW,False
K1,claim_binding-8,claim_binding-8-full,exploratory_test,full,2,DENY,DENY,True
K1,current_request-3,current_request-3-missing,calibration,missing,1,INSUFFICIENT,DENY,False
K1,claim_binding-1,claim_binding-1-hold,development,hold,2,ALLOW,ALLOW,True
K1,claim_binding-4,claim_binding-4-hold,calibration,hold,0,DENY,DENY,True
K1,claim_binding-7,claim_binding-7-flip,exploratory_test,flip,1,DENY,DENY,True
K1,claim_binding-8,claim_binding-8-hold,exploratory_test,hold,0,DENY,DENY,True
K1,claim_binding-2,claim_binding-2-missing,development,missing,0,INSUFFICIENT,DENY,False
K1,current_request-2,current_request-2-flip,development,flip,2,ALLOW,ALLOW,True
K1,claim_binding-5,claim_binding-5-missing,exploratory_test,missing,1,INSUFFICIENT,DENY,False
K1,owner_scope-5,owner_scope-5-flip,exploratory_test,flip,2,DENY,DENY,True
K1,owner_scope-6,owner_scope-6-missing,exploratory_test,missing,0,INSUFFICIENT,ALLOW,False
K1,owner_scope-7,owner_scope-7-flip,exploratory_test,flip,0,DENY,DENY,True
K1,claim_binding-1,claim_binding-1-hold,development,hold,1,ALLOW,ALLOW,True
K1,claim_binding-7,claim_binding-7-missing,exploratory_test,missing,2,INSUFFICIENT,DENY,False
K1,claim_binding-7,claim_binding-7-hold,exploratory_test,hold,0,ALLOW,ALLOW,True
K1,owner_scope-5,owner_scope-5-hold,exploratory_test,hold,2,ALLOW,ALLOW,True
K1,current_request-4,current_request-4-missing,calibration,missing,1,INSUFFICIENT,ALLOW,False
K1,claim_binding-6,claim_binding-6-missing,exploratory_test,missing,1,INSUFFICIENT,DENY,False
K1,owner_scope-7,owner_scope-7-flip,exploratory_test,flip,2,DENY,DENY,True
K1,current_request-6,current_request-6-full,exploratory_test,full,2,DENY,ALLOW,False
K1,owner_scope-3,owner_scope-3-missing,calibration,missing,2,INSUFFICIENT,INSUFFICIENT,True
K1,claim_binding-1,claim_binding-1-full,development,full,2,ALLOW,ALLOW,True
K1,claim_binding-3,claim_binding-3-missing,calibration,missing,2,INSUFFICIENT,INSUFFICIENT,True
K1,owner_scope-5,owner_scope-5-flip,exploratory_test,flip,0,DENY,DENY,True
K1,owner_scope-2,owner_scope-2-full,development,full,0,DENY,DENY,True
K1,current_request-1,current_request-1-hold,development,hold,2,ALLOW,ALLOW,True
K1,current_request-3,current_request-3-hold,calibration,hold,1,ALLOW,ALLOW,True
K1,claim_binding-5,claim_binding-5-flip,exploratory_test,flip,2,DENY,DENY,True
K1,claim_binding-2,claim_binding-2-missing,development,missing,1,INSUFFICIENT,DENY,False
K1,claim_binding-8,claim_binding-8-hold,exploratory_test,hold,2,DENY,DENY,True
K1,owner_scope-4,owner_scope-4-missing,calibration,missing,0,INSUFFICIENT,ALLOW,False
K1,claim_binding-2,claim_binding-2-flip,development,flip,1,ALLOW,ALLOW,True
K1,owner_scope-3,owner_scope-3-hold,calibration,hold,2,ALLOW,ALLOW,True
K1,claim_binding-7,claim_binding-7-hold,exploratory_test,hold,2,ALLOW,ALLOW,True
K1,owner_scope-8,owner_scope-8-flip,exploratory_test,flip,1,ALLOW,ALLOW,True
K1,claim_binding-6,claim_binding-6-full,exploratory_test,full,1,DENY,DENY,True
K1,claim_binding-1,claim_binding-1-full,development,full,1,ALLOW,ALLOW,True
K1,owner_scope-7,owner_scope-7-missing,exploratory_test,missing,0,INSUFFICIENT,DENY,False
K1,owner_scope-3,owner_scope-3-hold,calibration,hold,0,ALLOW,ALLOW,True
K1,claim_binding-2,claim_binding-2-flip,development,flip,0,ALLOW,ALLOW,True
K1,current_request-4,current_request-4-missing,calibration,missing,2,INSUFFICIENT,ALLOW,False
K1,owner_scope-2,owner_scope-2-full,development,full,2,DENY,DENY,True
K1,owner_scope-2,owner_scope-2-full,development,full,1,DENY,DENY,True
K1,owner_scope-2,owner_scope-2-hold,development,hold,2,DENY,DENY,True
K1,owner_scope-6,owner_scope-6-full,exploratory_test,full,1,DENY,DENY,True
K1,current_request-6,current_request-6-full,exploratory_test,full,1,DENY,ALLOW,False
K1,claim_binding-4,claim_binding-4-flip,calibration,flip,1,ALLOW,ALLOW,True
K1,owner_scope-1,owner_scope-1-missing,development,missing,0,INSUFFICIENT,ALLOW,False
K1,current_request-2,current_request-2-full,development,full,0,DENY,ALLOW,False
K1,owner_scope-1,owner_scope-1-flip,development,flip,0,DENY,DENY,True
K1,current_request-7,current_request-7-hold,exploratory_test,hold,0,ALLOW,ALLOW,True
K1,current_request-5,current_request-5-hold,exploratory_test,hold,2,ALLOW,ALLOW,True
K1,claim_binding-1,claim_binding-1-full,development,full,0,ALLOW,ALLOW,True
K1,current_request-1,current_request-1-hold,development,hold,1,ALLOW,ALLOW,True
K1,current_request-8,current_request-8-hold,exploratory_test,hold,1,DENY,DENY,True
K1,current_request-4,current_request-4-hold,calibration,hold,2,DENY,DENY,True
K1,owner_scope-8,owner_scope-8-missing,exploratory_test,missing,0,INSUFFICIENT,ALLOW,False
K1,current_request-8,current_request-8-hold,exploratory_test,hold,2,DENY,DENY,True
K1,owner_scope-2,owner_scope-2-flip,development,flip,1,ALLOW,ALLOW,True
K1,owner_scope-1,owner_scope-1-flip,development,flip,2,DENY,DENY,True
K1,owner_scope-8,owner_scope-8-full,exploratory_test,full,0,DENY,DENY,True
K1,owner_scope-2,owner_scope-2-flip,development,flip,2,ALLOW,ALLOW,True
K1,current_request-6,current_request-6-flip,exploratory_test,flip,0,ALLOW,ALLOW,True
K1,claim_binding-3,claim_binding-3-flip,calibration,flip,0,DENY,DENY,True
K1,owner_scope-4,owner_scope-4-hold,calibration,hold,1,DENY,DENY,True
K1,current_request-2,current_request-2-full,development,full,1,DENY,ALLOW,False
K1,current_request-8,current_request-8-flip,exploratory_test,flip,2,ALLOW,ALLOW,True
K1,current_request-2,current_request-2-missing,development,missing,1,INSUFFICIENT,ALLOW,False
K1,claim_binding-3,claim_binding-3-hold,calibration,hold,0,ALLOW,ALLOW,True
K1,claim_binding-2,claim_binding-2-missing,development,missing,2,INSUFFICIENT,DENY,False
K1,claim_binding-7,claim_binding-7-full,exploratory_test,full,0,ALLOW,ALLOW,True
K1,claim_binding-4,claim_binding-4-missing,calibration,missing,1,INSUFFICIENT,DENY,False
K1,current_request-1,current_request-1-full,development,full,1,ALLOW,ALLOW,True
K1,current_request-5,current_request-5-full,exploratory_test,full,2,ALLOW,ALLOW,True
K1,current_request-5,current_request-5-flip,exploratory_test,flip,1,DENY,DENY,True
K1,owner_scope-6,owner_scope-6-missing,exploratory_test,missing,1,INSUFFICIENT,ALLOW,False
K1,owner_scope-5,owner_scope-5-flip,exploratory_test,flip,1,DENY,DENY,True
K1,current_request-2,current_request-2-hold,development,hold,0,DENY,DENY,True
K1,owner_scope-8,owner_scope-8-flip,exploratory_test,flip,2,ALLOW,ALLOW,True
K1,claim_binding-1,claim_binding-1-missing,development,missing,0,INSUFFICIENT,DENY,False
K1,owner_scope-1,owner_scope-1-full,development,full,0,ALLOW,ALLOW,True
K1,claim_binding-8,claim_binding-8-flip,exploratory_test,flip,2,ALLOW,ALLOW,True
K1,current_request-1,current_request-1-missing,development,missing,0,INSUFFICIENT,DENY,False
K1,claim_binding-5,claim_binding-5-flip,exploratory_test,flip,0,DENY,DENY,True
K1,owner_scope-4,owner_scope-4-hold,calibration,hold,0,DENY,DENY,True
K1,owner_scope-7,owner_scope-7-hold,exploratory_test,hold,1,ALLOW,ALLOW,True
K1,owner_scope-5,owner_scope-5-hold,exploratory_test,hold,1,ALLOW,ALLOW,True
K1,owner_scope-6,owner_scope-6-hold,exploratory_test,hold,0,DENY,DENY,True
K1,claim_binding-8,claim_binding-8-hold,exploratory_test,hold,1,DENY,DENY,True
K1,owner_scope-7,owner_scope-7-full,exploratory_test,full,1,ALLOW,ALLOW,True
K1,current_request-4,current_request-4-hold,calibration,hold,0,DENY,DENY,True
K1,owner_scope-4,owner_scope-4-full,calibration,full,1,DENY,DENY,True
K1,claim_binding-6,claim_binding-6-missing,exploratory_test,missing,2,INSUFFICIENT,DENY,False
K1,owner_scope-7,owner_scope-7-full,exploratory_test,full,0,ALLOW,ALLOW,True
K1,owner_scope-8,owner_scope-8-hold,exploratory_test,hold,1,DENY,DENY,True
K1,owner_scope-2,owner_scope-2-hold,development,hold,1,DENY,DENY,True
K1,claim_binding-2,claim_binding-2-full,development,full,0,DENY,DENY,True
K1,current_request-5,current_request-5-missing,exploratory_test,missing,2,INSUFFICIENT,DENY,False
K1,claim_binding-8,claim_binding-8-missing,exploratory_test,missing,2,INSUFFICIENT,DENY,False
K1,current_request-1,current_request-1-flip,development,flip,0,DENY,ALLOW,False
K1,claim_binding-4,claim_binding-4-hold,calibration,hold,2,DENY,DENY,True
K1,current_request-4,current_request-4-full,calibration,full,2,DENY,ALLOW,False
K1,owner_scope-1,owner_scope-1-flip,development,flip,1,DENY,DENY,True
K1,current_request-5,current_request-5-missing,exploratory_test,missing,1,INSUFFICIENT,DENY,False
K1,owner_scope-2,owner_scope-2-missing,development,missing,1,INSUFFICIENT,ALLOW,False
K1,owner_scope-2,owner_scope-2-missing,development,missing,0,INSUFFICIENT,ALLOW,False
K1,claim_binding-6,claim_binding-6-flip,exploratory_test,flip,2,ALLOW,ALLOW,True
K1,current_request-2,current_request-2-hold,development,hold,2,DENY,DENY,True
K1,current_request-3,current_request-3-flip,calibration,flip,2,DENY,DENY,True
K1,current_request-3,current_request-3-full,calibration,full,1,ALLOW,ALLOW,True
K1,owner_scope-7,owner_scope-7-missing,exploratory_test,missing,2,INSUFFICIENT,INSUFFICIENT,True
K1,current_request-1,current_request-1-flip,development,flip,2,DENY,ALLOW,False
K1,current_request-2,current_request-2-full,development,full,2,DENY,ALLOW,False
K1,claim_binding-1,claim_binding-1-missing,development,missing,2,INSUFFICIENT,DENY,False
K1,current_request-7,current_request-7-flip,exploratory_test,flip,0,DENY,ALLOW,False
K1,current_request-7,current_request-7-hold,exploratory_test,hold,1,ALLOW,ALLOW,True
K1,claim_binding-3,claim_binding-3-full,calibration,full,2,ALLOW,ALLOW,True
K1,owner_scope-3,owner_scope-3-flip,calibration,flip,1,DENY,DENY,True
K1,owner_scope-6,owner_scope-6-full,exploratory_test,full,0,DENY,DENY,True
K1,claim_binding-4,claim_binding-4-full,calibration,full,2,DENY,DENY,True
K1,owner_scope-6,owner_scope-6-flip,exploratory_test,flip,2,ALLOW,ALLOW,True
K1,claim_binding-7,claim_binding-7-flip,exploratory_test,flip,0,DENY,DENY,True
K1,claim_binding-8,claim_binding-8-missing,exploratory_test,missing,1,INSUFFICIENT,DENY,False
K1,current_request-2,current_request-2-hold,development,hold,1,DENY,DENY,True
K1,claim_binding-5,claim_binding-5-flip,exploratory_test,flip,1,DENY,DENY,True
K1,owner_scope-3,owner_scope-3-full,calibration,full,2,ALLOW,ALLOW,True
K1,current_request-4,current_request-4-flip,calibration,flip,0,ALLOW,ALLOW,True
K1,claim_binding-4,claim_binding-4-flip,calibration,flip,2,ALLOW,ALLOW,True
K1,current_request-7,current_request-7-full,exploratory_test,full,0,ALLOW,ALLOW,True
K1,claim_binding-4,claim_binding-4-missing,calibration,missing,0,INSUFFICIENT,DENY,False
K1,current_request-7,current_request-7-flip,exploratory_test,flip,2,DENY,ALLOW,False
K1,claim_binding-6,claim_binding-6-flip,exploratory_test,flip,0,ALLOW,ALLOW,True
K1,owner_scope-4,owner_scope-4-full,calibration,full,0,DENY,DENY,True
K1,claim_binding-2,claim_binding-2-full,development,full,1,DENY,DENY,True
K1,current_request-2,current_request-2-missing,development,missing,2,INSUFFICIENT,ALLOW,False
K1,current_request-8,current_request-8-full,exploratory_test,full,1,DENY,ALLOW,False
K1,owner_scope-3,owner_scope-3-full,calibration,full,0,ALLOW,ALLOW,True
K1,current_request-6,current_request-6-hold,exploratory_test,hold,2,DENY,DENY,True
K1,claim_binding-6,claim_binding-6-full,exploratory_test,full,0,DENY,DENY,True
K1,owner_scope-4,owner_scope-4-full,calibration,full,2,DENY,DENY,True
K1,current_request-2,current_request-2-flip,development,flip,1,ALLOW,ALLOW,True
K1,current_request-1,current_request-1-full,development,full,0,ALLOW,ALLOW,True
K1,claim_binding-5,claim_binding-5-missing,exploratory_test,missing,2,INSUFFICIENT,DENY,False
K1,current_request-1,current_request-1-flip,development,flip,1,DENY,DENY,True
K1,claim_binding-4,claim_binding-4-hold,calibration,hold,1,DENY,DENY,True
K1,claim_binding-4,claim_binding-4-full,calibration,full,0,DENY,DENY,True
K1,claim_binding-1,claim_binding-1-flip,development,flip,2,DENY,DENY,True
K1,current_request-6,current_request-6-flip,exploratory_test,flip,2,ALLOW,ALLOW,True
K1,owner_scope-7,owner_scope-7-hold,exploratory_test,hold,2,ALLOW,ALLOW,True
K1,owner_scope-3,owner_scope-3-missing,calibration,missing,0,INSUFFICIENT,ALLOW,False
K1,current_request-3,current_request-3-full,calibration,full,2,ALLOW,ALLOW,True
K1,owner_scope-5,owner_scope-5-full,exploratory_test,full,2,ALLOW,ALLOW,True
K1,claim_binding-6,claim_binding-6-flip,exploratory_test,flip,1,ALLOW,ALLOW,True
K1,owner_scope-5,owner_scope-5-missing,exploratory_test,missing,1,INSUFFICIENT,DENY,False
K1,owner_scope-8,owner_scope-8-full,exploratory_test,full,2,DENY,DENY,True
K1,current_request-6,current_request-6-missing,exploratory_test,missing,2,INSUFFICIENT,ALLOW,False
K1,owner_scope-4,owner_scope-4-flip,calibration,flip,0,ALLOW,ALLOW,True
K1,owner_scope-2,owner_scope-2-hold,development,hold,0,DENY,DENY,True
K1,owner_scope-2,owner_scope-2-flip,development,flip,0,ALLOW,ALLOW,True
K1,claim_binding-2,claim_binding-2-hold,development,hold,2,DENY,DENY,True
K1,claim_binding-6,claim_binding-6-full,exploratory_test,full,2,DENY,DENY,True
K1,owner_scope-3,owner_scope-3-flip,calibration,flip,0,DENY,DENY,True
K1,owner_scope-2,owner_scope-2-missing,development,missing,2,INSUFFICIENT,ALLOW,False
K1,owner_scope-4,owner_scope-4-missing,calibration,missing,1,INSUFFICIENT,ALLOW,False
K1,claim_binding-5,claim_binding-5-full,exploratory_test,full,0,ALLOW,ALLOW,True
K1,claim_binding-8,claim_binding-8-full,exploratory_test,full,1,DENY,DENY,True
K1,current_request-8,current_request-8-full,exploratory_test,full,2,DENY,ALLOW,False
K1,owner_scope-4,owner_scope-4-hold,calibration,hold,2,DENY,DENY,True
K1,owner_scope-4,owner_scope-4-missing,calibration,missing,2,INSUFFICIENT,ALLOW,False
K1,owner_scope-1,owner_scope-1-hold,development,hold,0,ALLOW,ALLOW,True
K1,current_request-8,current_request-8-hold,exploratory_test,hold,0,DENY,DENY,True
K1,claim_binding-3,claim_binding-3-hold,calibration,hold,1,ALLOW,ALLOW,True
K1,claim_binding-7,claim_binding-7-flip,exploratory_test,flip,2,DENY,DENY,True
K1,claim_binding-3,claim_binding-3-hold,calibration,hold,2,ALLOW,ALLOW,True
K1,claim_binding-6,claim_binding-6-hold,exploratory_test,hold,1,DENY,DENY,True
K1,current_request-4,current_request-4-hold,calibration,hold,1,DENY,DENY,True
K1,current_request-8,current_request-8-missing,exploratory_test,missing,1,INSUFFICIENT,ALLOW,False
K1,claim_binding-2,claim_binding-2-hold,development,hold,0,DENY,DENY,True
K1,owner_scope-8,owner_scope-8-full,exploratory_test,full,1,DENY,DENY,True
K1,owner_scope-6,owner_scope-6-full,exploratory_test,full,2,DENY,DENY,True
K1,current_request-5,current_request-5-full,exploratory_test,full,0,ALLOW,ALLOW,True
K1,current_request-1,current_request-1-missing,development,missing,2,INSUFFICIENT,DENY,False
K1,current_request-3,current_request-3-missing,calibration,missing,0,INSUFFICIENT,DENY,False
K1,claim_binding-4,claim_binding-4-full,calibration,full,1,DENY,DENY,True
K1,current_request-1,current_request-1-full,development,full,2,ALLOW,ALLOW,True
K1,owner_scope-6,owner_scope-6-hold,exploratory_test,hold,2,DENY,DENY,True
K1,claim_binding-1,claim_binding-1-missing,development,missing,1,INSUFFICIENT,DENY,False
K1,owner_scope-1,owner_scope-1-hold,development,hold,2,ALLOW,ALLOW,True
K1,current_request-5,current_request-5-missing,exploratory_test,missing,0,INSUFFICIENT,DENY,False
K1,claim_binding-5,claim_binding-5-hold,exploratory_test,hold,0,ALLOW,ALLOW,True
K1,owner_scope-1,owner_scope-1-missing,development,missing,2,INSUFFICIENT,INSUFFICIENT,True
K1,claim_binding-7,claim_binding-7-full,exploratory_test,full,2,ALLOW,ALLOW,True
K1,owner_scope-5,owner_scope-5-full,exploratory_test,full,0,ALLOW,ALLOW,True
K1,claim_binding-2,claim_binding-2-hold,development,hold,1,DENY,DENY,True
K1,claim_binding-2,claim_binding-2-full,development,full,2,DENY,DENY,True
K1,owner_scope-5,owner_scope-5-hold,exploratory_test,hold,0,ALLOW,ALLOW,True
K1,current_request-8,current_request-8-flip,exploratory_test,flip,1,ALLOW,ALLOW,True
K1,claim_binding-8,claim_binding-8-missing,exploratory_test,missing,0,INSUFFICIENT,DENY,False
K1,current_request-6,current_request-6-missing,exploratory_test,missing,1,INSUFFICIENT,ALLOW,False
K1,claim_binding-7,claim_binding-7-hold,exploratory_test,hold,1,ALLOW,ALLOW,True
K1,claim_binding-8,claim_binding-8-full,exploratory_test,full,0,DENY,DENY,True
K1,claim_binding-7,claim_binding-7-missing,exploratory_test,missing,0,INSUFFICIENT,DENY,False
K1,claim_binding-2,claim_binding-2-flip,development,flip,2,ALLOW,ALLOW,True
K1,current_request-2,current_request-2-missing,development,missing,0,INSUFFICIENT,ALLOW,False
K1,current_request-7,current_request-7-flip,exploratory_test,flip,1,DENY,ALLOW,False
K1,owner_scope-6,owner_scope-6-flip,exploratory_test,flip,0,ALLOW,ALLOW,True
K1,current_request-8,current_request-8-full,exploratory_test,full,0,DENY,ALLOW,False
K1,owner_scope-7,owner_scope-7-full,exploratory_test,full,2,ALLOW,ALLOW,True
K1,current_request-6,current_request-6-full,exploratory_test,full,0,DENY,ALLOW,False
K1,claim_binding-6,claim_binding-6-hold,exploratory_test,hold,2,DENY,DENY,True
K1,claim_binding-3,claim_binding-3-missing,calibration,missing,1,INSUFFICIENT,DENY,False
K1,current_request-7,current_request-7-full,exploratory_test,full,2,ALLOW,ALLOW,True
K1,owner_scope-6,owner_scope-6-hold,exploratory_test,hold,1,DENY,DENY,True
K1,current_request-3,current_request-3-flip,calibration,flip,0,DENY,DENY,True
K1,current_request-5,current_request-5-flip,exploratory_test,flip,2,DENY,ALLOW,False
K1,owner_scope-8,owner_scope-8-missing,exploratory_test,missing,2,INSUFFICIENT,ALLOW,False
K1,owner_scope-3,owner_scope-3-hold,calibration,hold,1,ALLOW,ALLOW,True
K1,owner_scope-6,owner_scope-6-flip,exploratory_test,flip,1,ALLOW,ALLOW,True
K1,current_request-4,current_request-4-full,calibration,full,1,DENY,ALLOW,False
K1,current_request-7,current_request-7-missing,exploratory_test,missing,1,INSUFFICIENT,DENY,False
K1,current_request-3,current_request-3-missing,calibration,missing,2,INSUFFICIENT,DENY,False
K1,current_request-4,current_request-4-flip,calibration,flip,1,ALLOW,ALLOW,True
K1,current_request-3,current_request-3-full,calibration,full,0,ALLOW,ALLOW,True
K1,current_request-6,current_request-6-hold,exploratory_test,hold,1,DENY,DENY,True
K1,claim_binding-6,claim_binding-6-hold,exploratory_test,hold,0,DENY,DENY,True
K1,owner_scope-1,owner_scope-1-hold,development,hold,1,ALLOW,ALLOW,True
K1,current_request-6,current_request-6-flip,exploratory_test,flip,1,ALLOW,ALLOW,True
K1,owner_scope-3,owner_scope-3-missing,calibration,missing,1,INSUFFICIENT,DENY,False
K1,current_request-5,current_request-5-flip,exploratory_test,flip,0,DENY,ALLOW,False
K1,claim_binding-8,claim_binding-8-flip,exploratory_test,flip,1,ALLOW,ALLOW,True
K1,claim_binding-3,claim_binding-3-full,calibration,full,1,ALLOW,ALLOW,True
K1,current_request-3,current_request-3-flip,calibration,flip,1,DENY,DENY,True
K1,owner_scope-7,owner_scope-7-hold,exploratory_test,hold,0,ALLOW,ALLOW,True
K1,current_request-4,current_request-4-missing,calibration,missing,0,INSUFFICIENT,ALLOW,False
K1,claim_binding-5,claim_binding-5-hold,exploratory_test,hold,1,ALLOW,ALLOW,True
K1,current_request-7,current_request-7-full,exploratory_test,full,1,ALLOW,ALLOW,True
K1,current_request-1,current_request-1-hold,development,hold,0,ALLOW,ALLOW,True
